Workbook

Sheet Recommendations
A1: Symbol | B1: C.M.P | C1: Difference (%) | D1: Price Position (%) | E1: Composite Score | F1: Target Buy Price | G1: Quantity to Buy | H1: Investment Amount | K1: NIFTY VIX > | L1: =IFERROR(__xludf.DUMMYFUNCTION("IMPORTXML(""https://www.google.com/finance/quote/INDIA_VIX:INDEXNSE?hl=en"", ""//div[@class='YMlKec fxKbKc']"") "),14.54) -> 14.54 | N1: To Invest 2x > | O1: 10000
A2: KPITTECH | B2: 772.9 | C2: 0.0783 | D2: 0.5388 | E2: 0.4946 | F2: 766.4 | G2: 1 | H2: 766.4
A3: IRCON | B3: 147.31 | C3: 0.0443 | D3: 0.6532 | E3: 0.4744 | F3: 146.07 | G3: 1 | H3: 146.07
A4: TEXRAIL | B4: 107.5 | C4: 0.0138 | D4: 0.5688 | E4: 0.4453 | F4: 106.6 | G4: 1 | H4: 106.6
A5: OLECTRA | B5: 1016.1 | C5: 0.0648 | D5: 0.5928 | E5: 0.4431 | F5: 1007.56 | G5: 1 | H5: 1007.56
A6: NTPCGREEN | B6: 89.71 | C6: 0.0072 | D6: 0.7626 | E6: 0.442 | F6: 88.96 | G6: 7 | H6: 622.69
A7: INDOWIND | B7: 9.71 | C7: 0.0079 | D7: 0.4099 | E7: 0.4044 | F7: 9.63 | G7: 64 | H7: 616.22
A8: Total Investment | H8: 3265.54

Sheet Portfolio
A1: Scrip Name | B1: Scrip Code | C1: Symbol | D1: ISIN | E1: Type | F1: Qty | G1: C.M.P | H1: Avg Buy Price | I1: Total Invested | J1: Total current Value | K1: P&L | L1: P&L (%) | M1: Target buy | N1: New Average | O1: Per share Impact | P1: New P&L | Q1: New P&L (%) | R1: Buy/Not Buy | S1: Difference | T1: PE | U1: MCAP | V1: EPS | W1: High52 | X1: AVG Buy to High52 | Y1: Low52 | Z1: AVG Buy to Low52 | AA1: Daily AVG Volume Traded | AB1: Today's Volume | AC1: Segment | AD1: Moving/Non Moving
A2: ADANI GREEN ENERGY LTD | B2: 541450 | C2: ADANIGREEN | D2: INE364U01010 | E2: Equity | F2: 1 | G2: =IFERROR(__xludf.DUMMYFUNCTION("GOOGLEFINANCE(C2)"),961.4) -> 961.4 | H2: 1640 | I2: =H2*F2 -> 1640 | J2: =G2*F2 -> 961.4 | K2: =J2-I2 -> -678.6 | L2: =K2/I2 -> -0.41378049 | M2: 1 | N2: =(I2 + (M2 * G2)) / (F2 + M2) -> 1300.7 | O2: =G2-N2 -> -339.3 | P2: =O2*F2+M2 -> -338.3 | Q2: =(P2 / (N2 * (F2 + M2))) -> -0.13004536 | R2: =IF(Q2 > L2, "Yes", "No") -> Yes | S2: =Q2-L2 -> 0.28373513 | T2: =IFERROR(__xludf.DUMMYFUNCTION("GOOGLEFINANCE(C2,""pe"")"),111.62) -> 111.62 | U2: =IFERROR(__xludf.DUMMYFUNCTION("GOOGLEFINANCE(C2,""marketcap"")"),1.583594085214E12) -> 1583594085214 | V2: =IFERROR(__xludf.DUMMYFUNCTION("GOOGLEFINANCE(C2,""eps"")"),8.61) -> 8.61 | W2: =IFERROR(__xludf.DUMMYFUNCTION("GOOGLEFINANCE(C2,""high52"")"),1177.55) -> 1177.55 | X2: =H2/W2 -> 1.3927222 | Y2: =IFERROR(__xludf.DUMMYFUNCTION("GOOGLEFINANCE(C2,""low52"")"),758.0) -> 758 | Z2: =H2/Y2 -> 2.1635884 | AA2: =IFERROR(__xludf.DUMMYFUNCTION("GOOGLEFINANCE(C2,""volumeavg"")"),3656090.0) -> 3656090 | AB2: =IFERROR(__xludf.DUMMYFUNCTION("GOOGLEFINANCE(C2,""volume"")"),580689.0) -> 580689 | AC2: Green Energy | AD2: Non Moving
A3: ADANI POWER | B3: 533096 | C3: ADANIPOWER | D3: INE814H01011 | E3: Equity | F3: 10 | G3: =IFERROR(__xludf.DUMMYFUNCTION("GOOGLEFINANCE(C3)"),142.75) -> 142.75 | H3: 119.1 | I3: =H3*F3 -> 1191 | J3: =G3*F3 -> 1427.5 | K3: =J3-I3 -> 236.5 | L3: =K3/I3 -> 0.19857263 | M3: 1 | N3: =(I3 + (M3 * G3)) / (F3 + M3) -> 121.25 | O3: =G3-N3 -> 21.5 | P3: =O3*F3+M3 -> 216 | Q3: =P3/(I3+(G3*M3)) -> 0.16194939 | R3: =IF(Q3 > L3, "Yes", "No") -> No | S3: =Q3-L3 -> -0.036623237 | T3: =IFERROR(__xludf.DUMMYFUNCTION("GOOGLEFINANCE(C3,""pe"")"),23.42) -> 23.42 | U3: =IFERROR(__xludf.DUMMYFUNCTION("GOOGLEFINANCE(C3,""marketcap"")"),2.752503721306E12) -> 2752503721306 | V3: =IFERROR(__xludf.DUMMYFUNCTION("GOOGLEFINANCE(C3,""eps"")"),6.09) -> 6.09 | W3: =IFERROR(__xludf.DUMMYFUNCTION("GOOGLEFINANCE(C3,""high52"")"),182.7) -> 182.7 | X3: =H3/W3 -> 0.65188834 | Y3: =IFERROR(__xludf.DUMMYFUNCTION("GOOGLEFINANCE(C3,""low52"")"),92.4) -> 92.4 | Z3: =H3/Y3 -> 1.288961 | AA3: =IFERROR(__xludf.DUMMYFUNCTION("GOOGLEFINANCE(C3,""volumeavg"")"),1.8709376E7) -> 18709376 | AB3: =IFERROR(__xludf.DUMMYFUNCTION("GOOGLEFINANCE(C3,""volume"")"),4242013.0) -> 4242013 | AC3: Green Energy | AD3: Non Moving
A4: AEROFLEX INDUSTRIES LTD | B4: 543972 | C4: AEROFLEX | D4: INE024001021 | E4: Equity | F4: 9 | G4: =IFERROR(__xludf.DUMMYFUNCTION("GOOGLEFINANCE(C4)"),215.3) -> 215.3 | H4: 134.33 | I4: =H4*F4 -> 1208.97 | J4: =G4*F4 -> 1937.7 | K4: =J4-I4 -> 728.73 | L4: =K4/I4 -> 0.6027693 | M4: 1 | N4: =(I4 + (M4 * G4)) / (F4 + M4) -> 142.427 | O4: =G4-N4 -> 72.873 | P4: =O4*F4+M4 -> 656.857 | Q4: =P4/(I4+(G4*M4)) -> 0.46118854 | R4: =IF(Q4 > L4, "Yes", "No") -> No | S4: =Q4-L4 -> -0.14158076 | T4: =IFERROR(__xludf.DUMMYFUNCTION("GOOGLEFINANCE(C4,""pe"")"),56.68) -> 56.68 | U4: =IFERROR(__xludf.DUMMYFUNCTION("GOOGLEFINANCE(C4,""marketcap"")"),2.8494769873E10) -> 28494769873 | V4: =IFERROR(__xludf.DUMMYFUNCTION("GOOGLEFINANCE(C4,""eps"")"),3.8) -> 3.8 | W4: =IFERROR(__xludf.DUMMYFUNCTION("GOOGLEFINANCE(C4,""high52"")"),233.99) -> 233.99 | X4: =H4/W4 -> 0.57408436 | Y4: =IFERROR(__xludf.DUMMYFUNCTION("GOOGLEFINANCE(C4,""low52"")"),148.01) -> 148.01 | Z4: =H4/Y4 -> 0.90757381 | AA4: =IFERROR(__xludf.DUMMYFUNCTION("GOOGLEFINANCE(C4,""volumeavg"")"),2931461.0) -> 2931461 | AB4: =IFERROR(__xludf.DUMMYFUNCTION("GOOGLEFINANCE(C4,""volume"")"),492296.0) -> 492296 | AC4: Defence | AD4: Moving
A5: ASHOK LEYLND | B5: 500477 | C5: ASHOKLEY | D5: INE208A01029 | E5: Equity | F5: 122 | G5: =IFERROR(__xludf.DUMMYFUNCTION("GOOGLEFINANCE(C5)"),209.78) -> 209.78 | H5: 67.04 | I5: =H5*F5 -> 8178.88 | J5: =G5*F5 -> 25593.16 | K5: =J5-I5 -> 17414.28 | L5: =K5/I5 -> 2.1291766 | M5: 1 | N5: =(I5 + (M5 * G5)) / (F5 + M5) -> 68.200488 | O5: =G5-N5 -> 141.57951 | P5: =O5*F5+M5 -> 17273.7 | Q5: =P5/(I5+(G5*M5)) -> 2.0591728 | R5: =IF(Q5 > L5, "Yes", "No") -> No | S5: =Q5-L5 -> -0.070003812 | T5: =IFERROR(__xludf.DUMMYFUNCTION("GOOGLEFINANCE(C5,""pe"")"),37.28) -> 37.28 | U5: =IFERROR(__xludf.DUMMYFUNCTION("GOOGLEFINANCE(C5,""marketcap"")"),1.232628717451E12) -> 1232628717451 | V5: =IFERROR(__xludf.DUMMYFUNCTION("GOOGLEFINANCE(C5,""eps"")"),5.63) -> 5.63 | W5: =IFERROR(__xludf.DUMMYFUNCTION("GOOGLEFINANCE(C5,""high52"")"),215.42) -> 215.42 | X5: =H5/W5 -> 0.31120602 | Y5: =IFERROR(__xludf.DUMMYFUNCTION("GOOGLEFINANCE(C5,""low52"")"),95.93) -> 95.93 | Z5: =H5/Y5 -> 0.69884291 | AA5: =IFERROR(__xludf.DUMMYFUNCTION("GOOGLEFINANCE(C5,""volumeavg"")"),1.6145546E7) -> 16145546 | AB5: =IFERROR(__xludf.DUMMYFUNCTION("GOOGLEFINANCE(C5,""volume"")"),6583081.0) -> 6583081 | AC5: EV | AD5: Moving
A6: ASTRA MICRO | B6: 532493 | C6: ASTRAMICRO | D6: INE386C01029 | E6: Equity | F6: 8 | G6: =IFERROR(__xludf.DUMMYFUNCTION("GOOGLEFINANCE(C6)"),917.5) -> 917.5 | H6: 729.25 | I6: =H6*F6 -> 5834 | J6: =G6*F6 -> 7340 | K6: =J6-I6 -> 1506 | L6: =K6/I6 -> 0.25814193 | M6: 1 | N6: =(I6 + (M6 * G6)) / (F6 + M6) -> 750.16667 | O6: =G6-N6 -> 167.33333 | P6: =O6*F6+M6 -> 1339.6667 | Q6: =P6/(I6+(G6*M6)) -> 0.19842504 | R6: =IF(Q6 > L6, "Yes", "No") -> No | S6: =Q6-L6 -> -0.059716885 | T6: =IFERROR(__xludf.DUMMYFUNCTION("GOOGLEFINANCE(C6,""pe"")"),54.34) -> 54.34 | U6: =IFERROR(__xludf.DUMMYFUNCTION("GOOGLEFINANCE(C6,""marketcap"")"),8.7036091825E10) -> 87036091825 | V6: =IFERROR(__xludf.DUMMYFUNCTION("GOOGLEFINANCE(C6,""eps"")"),16.88) -> 16.88 | W6: =IFERROR(__xludf.DUMMYFUNCTION("GOOGLEFINANCE(C6,""high52"")"),1195.9) -> 1195.9 | X6: =H6/W6 -> 0.60979179 | Y6: =IFERROR(__xludf.DUMMYFUNCTION("GOOGLEFINANCE(C6,""low52"")"),584.2) -> 584.2 | Z6: =H6/Y6 -> 1.2482883 | AA6: =IFERROR(__xludf.DUMMYFUNCTION("GOOGLEFINANCE(C6,""volumeavg"")"),202607.0) -> 202607 | AB6: =IFERROR(__xludf.DUMMYFUNCTION("GOOGLEFINANCE(C6,""volume"")"),113356.0) -> 113356 | AC6: Defence | AD6: Moving
A7: AXIT IT LTD | B7: 532395 | C7: AXISCADES | D7: INE555B01013 | E7: Equity | F7: 1 | G7: =IFERROR(__xludf.DUMMYFUNCTION("GOOGLEFINANCE(C7)"),1472.4) -> 1472.4 | H7: 478.5 | I7: =H7*F7 -> 478.5 | J7: =G7*F7 -> 1472.4 | K7: =J7-I7 -> 993.9 | L7: =K7/I7 -> 2.077116 | M7: 1 | N7: =(I7 + (M7 * G7)) / (F7 + M7) -> 975.45 | O7: =G7-N7 -> 496.95 | P7: =O7*F7+M7 -> 497.95 | Q7: =P7/(I7+(G7*M7)) -> 0.25524117 | R7: =IF(Q7 > L7, "Yes", "No") -> No | S7: =Q7-L7 -> -1.8218748 | T7: =IFERROR(__xludf.DUMMYFUNCTION("GOOGLEFINANCE(C7,""pe"")"),63.71) -> 63.71 | U7: =IFERROR(__xludf.DUMMYFUNCTION("GOOGLEFINANCE(C7,""marketcap"")"),6.2696142255E10) -> 62696142255 | V7: =IFERROR(__xludf.DUMMYFUNCTION("GOOGLEFINANCE(C7,""eps"")"),23.14) -> 23.14 | W7: =IFERROR(__xludf.DUMMYFUNCTION("GOOGLEFINANCE(C7,""high52"")"),1779.2) -> 1779.2 | X7: =H7/W7 -> 0.2689411 | Y7: =IFERROR(__xludf.DUMMYFUNCTION("GOOGLEFINANCE(C7,""low52"")"),663.0) -> 663 | Z7: =H7/Y7 -> 0.72171946 | AA7: =IFERROR(__xludf.DUMMYFUNCTION("GOOGLEFINANCE(C7,""volumeavg"")"),131418.0) -> 131418 | AB7: =IFERROR(__xludf.DUMMYFUNCTION("GOOGLEFINANCE(C7,""volume"")"),192126.0) -> 192126 | AC7: Defence | AD7: Moving
A8: Bharat Dynamics Limited | B8: 541143 | C8: NSE:BDL | D8: INE171Z01026 | E8: Equity | F8: 12 | G8: =IFERROR(__xludf.DUMMYFUNCTION("GOOGLEFINANCE(C8)"),1245.0) -> 1245 | H8: 1107 | I8: =H8*F8 -> 13284 | J8: =G8*F8 -> 14940 | K8: =J8-I8 -> 1656 | L8: =K8/I8 -> 0.12466125 | M8: 1 | N8: =(I8 + (M8 * G8)) / (F8 + M8) -> 1117.6154 | O8: =G8-N8 -> 127.38462 | P8: =O8*F8+M8 -> 1529.6154 | Q8: =P8/(I8+(G8*M8)) -> 0.10528016 | R8: =IF(Q8 > L8, "Yes", "No") -> No | S8: =Q8-L8 -> -0.019381091 | T8: =IFERROR(__xludf.DUMMYFUNCTION("GOOGLEFINANCE(C8,""pe"")"),78.65) -> 78.65 | U8: =IFERROR(__xludf.DUMMYFUNCTION("GOOGLEFINANCE(C8,""marketcap"")"),4.56626888351E11) -> 456626888351 | V8: =IFERROR(__xludf.DUMMYFUNCTION("GOOGLEFINANCE(C8,""eps"")"),15.83) -> 15.83 | W8: =IFERROR(__xludf.DUMMYFUNCTION("GOOGLEFINANCE(C8,""high52"")"),2096.6) -> 2096.6 | X8: =H8/W8 -> 0.52799771 | Y8: =IFERROR(__xludf.DUMMYFUNCTION("GOOGLEFINANCE(C8,""low52"")"),907.0) -> 907 | Z8: =H8/Y8 -> 1.2205072 | AA8: =IFERROR(__xludf.DUMMYFUNCTION("GOOGLEFINANCE(C8,""volumeavg"")"),1528256.0) -> 1528256 | AB8: =IFERROR(__xludf.DUMMYFUNCTION("GOOGLEFINANCE(C8,""volume"")"),661203.0) -> 661203 | AC8: Defence | AD8: Moving
A9: BHARAT ELECT | B9: 500049 | C9: NSE:BEL | D9: INE263A01024 | E9: Equity | F9: 10 | G9: =IFERROR(__xludf.DUMMYFUNCTION("GOOGLEFINANCE(C9)"),431.15) -> 431.15 | H9: 208.43 | I9: =H9*F9 -> 2084.3 | J9: =G9*F9 -> 4311.5 | K9: =J9-I9 -> 2227.2 | L9: =K9/I9 -> 1.0685602 | M9: 1 | N9: =(I9 + (M9 * G9)) / (F9 + M9) -> 228.67727 | O9: =G9-N9 -> 202.47273 | P9: =O9*F9+M9 -> 2025.7273 | Q9: =P9/(I9+(G9*M9)) -> 0.80531407 | R9: =IF(Q9 > L9, "Yes", "No") -> No | S9: =Q9-L9 -> -0.26324612 | T9: =IFERROR(__xludf.DUMMYFUNCTION("GOOGLEFINANCE(C9,""pe"")"),52.84) -> 52.84 | U9: =IFERROR(__xludf.DUMMYFUNCTION("GOOGLEFINANCE(C9,""marketcap"")"),3.15197636283E12) -> 3151976362830 | V9: =IFERROR(__xludf.DUMMYFUNCTION("GOOGLEFINANCE(C9,""eps"")"),8.16) -> 8.16 | W9: =IFERROR(__xludf.DUMMYFUNCTION("GOOGLEFINANCE(C9,""high52"")"),461.65) -> 461.65 | X9: =H9/W9 -> 0.45148922 | Y9: =IFERROR(__xludf.DUMMYFUNCTION("GOOGLEFINANCE(C9,""low52"")"),243.5) -> 243.5 | Z9: =H9/Y9 -> 0.85597536 | AA9: =IFERROR(__xludf.DUMMYFUNCTION("GOOGLEFINANCE(C9,""volumeavg"")"),1.837715E7) -> 18377150 | AB9: =IFERROR(__xludf.DUMMYFUNCTION("GOOGLEFINANCE(C9,""volume"")"),6166968.0) -> 6166968 | AC9: Defence | AD9: Moving
A10: Bharti Hexacom Limited | B10: 544162 | C10: BHARTIHEXA | D10: INE343G01021 | E10: Equity | F10: 26 | G10: =IFERROR(__xludf.DUMMYFUNCTION("GOOGLEFINANCE(C10)"),1662.6) -> 1662.6 | H10: 570 | I10: =H10*F10 -> 14820 | J10: =G10*F10 -> 43227.6 | K10: =J10-I10 -> 28407.6 | L10: =K10/I10 -> 1.9168421 | M10: 1 | N10: =(I10 + (M10 * G10)) / (F10 + M10) -> 610.46667 | O10: =G10-N10 -> 1052.1333 | P10: =O10*F10+M10 -> 27356.467 | Q10: =P10/(I10+(G10*M10)) -> 1.6597179 | R10: =IF(Q10 > L10, "Yes", "No") -> No | S10: =Q10-L10 -> -0.25712418 | T10: =IFERROR(__xludf.DUMMYFUNCTION("GOOGLEFINANCE(C10,""pe"")"),47.46) -> 47.46 | U10: =IFERROR(__xludf.DUMMYFUNCTION("GOOGLEFINANCE(C10,""marketcap"")"),8.32099809165E11) -> 832099809165 | V10: =IFERROR(__xludf.DUMMYFUNCTION("GOOGLEFINANCE(C10,""eps"")"),35.09) -> 35.09 | W10: =IFERROR(__xludf.DUMMYFUNCTION("GOOGLEFINANCE(C10,""high52"")"),2052.9) -> 2052.9 | X10: =H10/W10 -> 0.277656 | Y10: =IFERROR(__xludf.DUMMYFUNCTION("GOOGLEFINANCE(C10,""low52"")"),1234.0) -> 1234 | Z10: =H10/Y10 -> 0.46191248 | AA10: =IFERROR(__xludf.DUMMYFUNCTION("GOOGLEFINANCE(C10,""volumeavg"")"),189016.0) -> 189016 | AB10: =IFERROR(__xludf.DUMMYFUNCTION("GOOGLEFINANCE(C10,""volume"")"),24443.0) -> 24443 | AC10: Technology | AD10: Moving
A11: CG POWER | B11: 500093 | C11: CGPOWER | D11: INE067A01029 | E11: Equity | F11: 5 | G11: =IFERROR(__xludf.DUMMYFUNCTION("GOOGLEFINANCE(C11)"),715.7) -> 715.7 | H11: 633.8 | I11: =H11*F11 -> 3169 | J11: =G11*F11 -> 3578.5 | K11: =J11-I11 -> 409.5 | L11: =K11/I11 -> 0.12922057 | M11: 1 | N11: =(I11 + (M11 * G11)) / (F11 + M11) -> 647.45 | O11: =G11-N11 -> 68.25 | P11: =O11*F11+M11 -> 342.25 | Q11: =P11/(I11+(G11*M11)) -> 0.088102041 | R11: =IF(Q11 > L11, "Yes", "No") -> No | S11: =Q11-L11 -> -0.041118533 | T11: =IFERROR(__xludf.DUMMYFUNCTION("GOOGLEFINANCE(C11,""pe"")"),99.75) -> 99.75 | U11: =IFERROR(__xludf.DUMMYFUNCTION("GOOGLEFINANCE(C11,""marketcap"")"),1.127629832E12) -> 1127629832000 | V11: =IFERROR(__xludf.DUMMYFUNCTION("GOOGLEFINANCE(C11,""eps"")"),7.17) -> 7.17 | W11: =IFERROR(__xludf.DUMMYFUNCTION("GOOGLEFINANCE(C11,""high52"")"),797.55) -> 797.55 | X11: =H11/W11 -> 0.79468372 | Y11: =IFERROR(__xludf.DUMMYFUNCTION("GOOGLEFINANCE(C11,""low52"")"),517.7) -> 517.7 | Z11: =H11/Y11 -> 1.2242612 | AA11: =IFERROR(__xludf.DUMMYFUNCTION("GOOGLEFINANCE(C11,""volumeavg"")"),4211897.0) -> 4211897 | AB11: =IFERROR(__xludf.DUMMYFUNCTION("GOOGLEFINANCE(C11,""volume"")"),853767.0) -> 853767 | AC11: Technology | AD11: Moving
A12: Cochin Shipyard Limited | B12: 540678 | C12: COCHINSHIP | D12: INE704P01025 | E12: Equity | F12: 13 | G12: =IFERROR(__xludf.DUMMYFUNCTION("GOOGLEFINANCE(C12)"),1486.0) -> 1486 | H12: 1624.87 | I12: =H12*F12 -> 21123.31 | J12: =G12*F12 -> 19318 | K12: =J12-I12 -> -1805.31 | L12: =K12/I12 -> -0.085465299 | M12: 1 | N12: =(I12 + (M12 * G12)) / (F12 + M12) -> 1614.9507 | O12: =G12-N12 -> -128.95071 | P12: =O12*F12+M12 -> -1675.3593 | Q12: =P12/(I12+(G12*M12)) -> -0.074100416 | R12: =IF(Q12 > L12, "Yes", "No") -> Yes | S12: =Q12-L12 -> 0.011364882 | T12: =IFERROR(__xludf.DUMMYFUNCTION("GOOGLEFINANCE(C12,""pe"")"),53.74) -> 53.74 | U12: =IFERROR(__xludf.DUMMYFUNCTION("GOOGLEFINANCE(C12,""marketcap"")"),3.90990523494E11) -> 390990523494 | V12: =IFERROR(__xludf.DUMMYFUNCTION("GOOGLEFINANCE(C12,""eps"")"),27.65) -> 27.65 | W12: =IFERROR(__xludf.DUMMYFUNCTION("GOOGLEFINANCE(C12,""high52"")"),2545.0) -> 2545 | X12: =H12/W12 -> 0.6384558 | Y12: =IFERROR(__xludf.DUMMYFUNCTION("GOOGLEFINANCE(C12,""low52"")"),1199.6) -> 1199.6 | Z12: =H12/Y12 -> 1.3545098 | AA12: =IFERROR(__xludf.DUMMYFUNCTION("GOOGLEFINANCE(C12,""volumeavg"")"),873791.0) -> 873791 | AB12: =IFERROR(__xludf.DUMMYFUNCTION("GOOGLEFINANCE(C12,""volume"")"),212737.0) -> 212737 | AC12: Defence | AD12: Moving
A13: CPSE ETF GROWTH | B13: 538057 | C13: CPSEETF | D13: INF457M01133 | E13: ETF | F13: 23 | G13: =IFERROR(__xludf.DUMMYFUNCTION("GOOGLEFINANCE(C13)"),101.74) -> 101.74 | H13: 95.89 | I13: =H13*F13 -> 2205.47 | J13: =G13*F13 -> 2340.02 | K13: =J13-I13 -> 134.55 | L13: =K13/I13 -> 0.061007404 | M13: 1 | N13: =(I13 + (M13 * G13)) / (F13 + M13) -> 96.13375 | O13: =G13-N13 -> 5.60625 | P13: =O13*F13+M13 -> 129.94375 | Q13: =P13/(I13+(G13*M13)) -> 0.056320729 | R13: =IF(Q13 > L13, "Yes", "No") -> No | S13: =Q13-L13 -> -0.004686675 | T13: =IFERROR(__xludf.DUMMYFUNCTION("GOOGLEFINANCE(C13,""pe"")"),"#N/A") -> #N/A | U13: =IFERROR(__xludf.DUMMYFUNCTION("GOOGLEFINANCE(C13,""marketcap"")"),"#N/A") -> #N/A | V13: =IFERROR(__xludf.DUMMYFUNCTION("GOOGLEFINANCE(C13,""eps"")"),"#N/A") -> #N/A | W13: =IFERROR(__xludf.DUMMYFUNCTION("GOOGLEFINANCE(C13,""high52"")"),105.0) -> 105 | X13: =H13/W13 -> 0.9132381 | Y13: =IFERROR(__xludf.DUMMYFUNCTION("GOOGLEFINANCE(C13,""low52"")"),74.9) -> 74.9 | Z13: =H13/Y13 -> 1.2802403 | AA13: =IFERROR(__xludf.DUMMYFUNCTION("GOOGLEFINANCE(C13,""volumeavg"")"),3146129.0) -> 3146129 | AB13: =IFERROR(__xludf.DUMMYFUNCTION("GOOGLEFINANCE(C13,""volume"")"),2196305.0) -> 2196305 | AC13: Others | AD13: Moving
A14: DREDG CORP I | B14: 523618 | C14: DREDGECORP | D14: INE506A01018 | E14: Equity | F14: 3 | G14: =IFERROR(__xludf.DUMMYFUNCTION("GOOGLEFINANCE(C14)"),913.8) -> 913.8 | H14: 791.08 | I14: =H14*F14 -> 2373.24 | J14: =G14*F14 -> 2741.4 | K14: =J14-I14 -> 368.16 | L14: =K14/I14 -> 0.1551297 | M14: 1 | N14: =(I14 + (M14 * G14)) / (F14 + M14) -> 821.76 | O14: =G14-N14 -> 92.04 | P14: =O14*F14+M14 -> 277.12 | Q14: =P14/(I14+(G14*M14)) -> 0.084306854 | R14: =IF(Q14 > L14, "Yes", "No") -> No | S14: =Q14-L14 -> -0.070822843 | T14: =IFERROR(__xludf.DUMMYFUNCTION("GOOGLEFINANCE(C14,""pe"")"),"#N/A") -> #N/A | U14: =IFERROR(__xludf.DUMMYFUNCTION("GOOGLEFINANCE(C14,""marketcap"")"),2.5569600341E10) -> 25569600341 | V14: =IFERROR(__xludf.DUMMYFUNCTION("GOOGLEFINANCE(C14,""eps"")"),-21.7) -> -21.7 | W14: =IFERROR(__xludf.DUMMYFUNCTION("GOOGLEFINANCE(C14,""high52"")"),1245.0) -> 1245 | X14: =H14/W14 -> 0.63540562 | Y14: =IFERROR(__xludf.DUMMYFUNCTION("GOOGLEFINANCE(C14,""low52"")"),495.0) -> 495 | Z14: =H14/Y14 -> 1.5981414 | AA14: =IFERROR(__xludf.DUMMYFUNCTION("GOOGLEFINANCE(C14,""volumeavg"")"),587846.0) -> 587846 | AB14: =IFERROR(__xludf.DUMMYFUNCTION("GOOGLEFINANCE(C14,""volume"")"),72276.0) -> 72276 | AC14: PSU | AD14: Moving
A15: GARDEN REACH SHIP&ENG LTD | B15: 542011 | C15: GRSE | D15: INE382Z01011 | E15: Equity | F15: 2 | G15: =IFERROR(__xludf.DUMMYFUNCTION("GOOGLEFINANCE(C15)"),2399.6) -> 2399.6 | H15: 1218.5 | I15: =H15*F15 -> 2437 | J15: =G15*F15 -> 4799.2 | K15: =J15-I15 -> 2362.2 | L15: =K15/I15 -> 0.96930652 | M15: 1 | N15: =(I15 + (M15 * G15)) / (F15 + M15) -> 1612.2 | O15: =G15-N15 -> 787.4 | P15: =O15*F15+M15 -> 1575.8 | Q15: =P15/(I15+(G15*M15)) -> 0.32580739 | R15: =IF(Q15 > L15, "Yes", "No") -> No | S15: =Q15-L15 -> -0.64349914 | T15: =IFERROR(__xludf.DUMMYFUNCTION("GOOGLEFINANCE(C15,""pe"")"),39.87) -> 39.87 | U15: =IFERROR(__xludf.DUMMYFUNCTION("GOOGLEFINANCE(C15,""marketcap"")"),2.74706401565E11) -> 274706401565 | V15: =IFERROR(__xludf.DUMMYFUNCTION("GOOGLEFINANCE(C15,""eps"")"),60.15) -> 60.15 | W15: =IFERROR(__xludf.DUMMYFUNCTION("GOOGLEFINANCE(C15,""high52"")"),3538.4) -> 3538.4 | X15: =H15/W15 -> 0.34436468 | Y15: =IFERROR(__xludf.DUMMYFUNCTION("GOOGLEFINANCE(C15,""low52"")"),1184.9) -> 1184.9 | Z15: =H15/Y15 -> 1.0283568 | AA15: =IFERROR(__xludf.DUMMYFUNCTION("GOOGLEFINANCE(C15,""volumeavg"")"),1083030.0) -> 1083030 | AB15: =IFERROR(__xludf.DUMMYFUNCTION("GOOGLEFINANCE(C15,""volume"")"),248602.0) -> 248602 | AC15: Defence | AD15: Moving
A16: GREENPOWER | B16: 533263 | C16: GREENPOWER | D16: INE999K01014 | E16: Equity | F16: 93 | G16: =IFERROR(__xludf.DUMMYFUNCTION("GOOGLEFINANCE(C16)"),9.77) -> 9.77 | H16: 11.87 | I16: =H16*F16 -> 1103.91 | J16: =G16*F16 -> 908.61 | K16: =J16-I16 -> -195.3 | L16: =K16/I16 -> -0.1769166 | M16: 1 | N16: =(I16 + (M16 * G16)) / (F16 + M16) -> 11.84766 | O16: =G16-N16 -> -2.0776596 | P16: =O16*F16+M16 -> -192.22234 | Q16: =P16/(I16+(G16*M16)) -> -0.17260105 | R16: =IF(Q16 > L16, "Yes", "No") -> Yes | S16: =Q16-L16 -> 0.0043155437 | T16: =IFERROR(__xludf.DUMMYFUNCTION("GOOGLEFINANCE(C16,""pe"")"),16.79) -> 16.79 | U16: =IFERROR(__xludf.DUMMYFUNCTION("GOOGLEFINANCE(C16,""marketcap"")"),1.1472242866E10) -> 11472242866 | V16: =IFERROR(__xludf.DUMMYFUNCTION("GOOGLEFINANCE(C16,""eps"")"),0.58) -> 0.58 | W16: =IFERROR(__xludf.DUMMYFUNCTION("GOOGLEFINANCE(C16,""high52"")"),15.81) -> 15.81 | X16: =H16/W16 -> 0.75079064 | Y16: =IFERROR(__xludf.DUMMYFUNCTION("GOOGLEFINANCE(C16,""low52"")"),9.68) -> 9.68 | Z16: =H16/Y16 -> 1.2262397 | AA16: =IFERROR(__xludf.DUMMYFUNCTION("GOOGLEFINANCE(C16,""volumeavg"")"),2969181.0) -> 2969181 | AB16: =IFERROR(__xludf.DUMMYFUNCTION("GOOGLEFINANCE(C16,""volume"")"),1402112.0) -> 1402112 | AC16: Green Energy | AD16: Moving
A17: HAL | B17: 541154 | C17: NSE:HAL | D17: INE066F01020 | E17: Equity | F17: 3 | G17: =IFERROR(__xludf.DUMMYFUNCTION("GOOGLEFINANCE(C17)"),3957.1) -> 3957.1 | H17: 4388.33 | I17: =H17*F17 -> 13164.99 | J17: =G17*F17 -> 11871.3 | K17: =J17-I17 -> -1293.69 | L17: =K17/I17 -> -0.09826745 | M17: 1 | N17: =(I17 + (M17 * G17)) / (F17 + M17) -> 4280.5225 | O17: =G17-N17 -> -323.4225 | P17: =O17*F17+M17 -> -969.2675 | Q17: =P17/(I17+(G17*M17)) -> -0.056609181 | R17: =IF(Q17 > L17, "Yes", "No") -> Yes | S17: =Q17-L17 -> 0.041658269 | T17: =IFERROR(__xludf.DUMMYFUNCTION("GOOGLEFINANCE(C17,""pe"")"),29.77) -> 29.77 | U17: =IFERROR(__xludf.DUMMYFUNCTION("GOOGLEFINANCE(C17,""marketcap"")"),2.646342675E12) -> 2646342675000 | V17: =IFERROR(__xludf.DUMMYFUNCTION("GOOGLEFINANCE(C17,""eps"")"),133.03) -> 133.03 | W17: =IFERROR(__xludf.DUMMYFUNCTION("GOOGLEFINANCE(C17,""high52"")"),5165.0) -> 5165 | X17: =H17/W17 -> 0.84962827 | Y17: =IFERROR(__xludf.DUMMYFUNCTION("GOOGLEFINANCE(C17,""low52"")"),3046.05) -> 3046.05 | Z17: =H17/Y17 -> 1.4406625 | AA17: =IFERROR(__xludf.DUMMYFUNCTION("GOOGLEFINANCE(C17,""volumeavg"")"),1651741.0) -> 1651741 | AB17: =IFERROR(__xludf.DUMMYFUNCTION("GOOGLEFINANCE(C17,""volume"")"),943077.0) -> 943077 | AC17: Defence | AD17: Moving
A18: HATHWAY CAB | B18: 533162 | C18: HATHWAY | D18: INE982F01036 | E18: Equity | F18: 5 | G18: =IFERROR(__xludf.DUMMYFUNCTION("GOOGLEFINANCE(C18)"),10.76) -> 10.76 | H18: 24.99 | I18: =H18*F18 -> 124.95 | J18: =G18*F18 -> 53.8 | K18: =J18-I18 -> -71.15 | L18: =K18/I18 -> -0.56942777 | M18: 1 | N18: =(I18 + (M18 * G18)) / (F18 + M18) -> 22.618333 | O18: =G18-N18 -> -11.858333 | P18: =O18*F18+M18 -> -58.291667 | Q18: =P18/(I18+(G18*M18)) -> -0.42953111 | R18: =IF(Q18 > L18, "Yes", "No") -> Yes | S18: =Q18-L18 -> 0.13989666 | T18: =IFERROR(__xludf.DUMMYFUNCTION("GOOGLEFINANCE(C18,""pe"")"),18.23) -> 18.23 | U18: =IFERROR(__xludf.DUMMYFUNCTION("GOOGLEFINANCE(C18,""marketcap"")"),1.9046319445E10) -> 19046319445 | V18: =IFERROR(__xludf.DUMMYFUNCTION("GOOGLEFINANCE(C18,""eps"")"),0.59) -> 0.59 | W18: =IFERROR(__xludf.DUMMYFUNCTION("GOOGLEFINANCE(C18,""high52"")"),17.98) -> 17.98 | X18: =H18/W18 -> 1.3898776 | Y18: =IFERROR(__xludf.DUMMYFUNCTION("GOOGLEFINANCE(C18,""low52"")"),9.91) -> 9.91 | Z18: =H18/Y18 -> 2.5216953 | AA18: =IFERROR(__xludf.DUMMYFUNCTION("GOOGLEFINANCE(C18,""volumeavg"")"),2609507.0) -> 2609507 | AB18: =IFERROR(__xludf.DUMMYFUNCTION("GOOGLEFINANCE(C18,""volume"")"),1237608.0) -> 1237608 | AC18: Others | AD18: Non Moving
A19: HBL Engineering Limited | B19: 517271 | C19: HBLENGINE | D19: INE292B01021 | E19: Equity | F19: 4 | G19: =IFERROR(__xludf.DUMMYFUNCTION("GOOGLEFINANCE(C19)"),698.85) -> 698.85 | H19: 568.75 | I19: =H19*F19 -> 2275 | J19: =G19*F19 -> 2795.4 | K19: =J19-I19 -> 520.4 | L19: =K19/I19 -> 0.22874725 | M19: 1 | N19: =(I19 + (M19 * G19)) / (F19 + M19) -> 594.77 | O19: =G19-N19 -> 104.08 | P19: =O19*F19+M19 -> 417.32 | Q19: =P19/(I19+(G19*M19)) -> 0.14032988 | R19: =IF(Q19 > L19, "Yes", "No") -> No | S19: =Q19-L19 -> -0.088417377 | T19: =IFERROR(__xludf.DUMMYFUNCTION("GOOGLEFINANCE(C19,""pe"")"),55.29) -> 55.29 | U19: =IFERROR(__xludf.DUMMYFUNCTION("GOOGLEFINANCE(C19,""marketcap"")"),1.937052606E11) -> 193705260600 | V19: =IFERROR(__xludf.DUMMYFUNCTION("GOOGLEFINANCE(C19,""eps"")"),11.81) -> 11.81 | W19: =IFERROR(__xludf.DUMMYFUNCTION("GOOGLEFINANCE(C19,""high52"")"),1122.0) -> 1122 | X19: =H19/W19 -> 0.50690731 | Y19: =IFERROR(__xludf.DUMMYFUNCTION("GOOGLEFINANCE(C19,""low52"")"),405.0) -> 405 | Z19: =H19/Y19 -> 1.404321 | AA19: =IFERROR(__xludf.DUMMYFUNCTION("GOOGLEFINANCE(C19,""volumeavg"")"),2134989.0) -> 2134989 | AB19: =IFERROR(__xludf.DUMMYFUNCTION("GOOGLEFINANCE(C19,""volume"")"),520973.0) -> 520973 | AC19: Technology | AD19: Moving
A20: ICICIPRAMC - BHARATIWIN | B20: 540787 | C20: ICICIB22 | D20: INF109KB15Y7 | E20: ETF | F20: 18 | G20: =IFERROR(__xludf.DUMMYFUNCTION("GOOGLEFINANCE(C20)"),126.26) -> 126.26 | H20: 109.91 | I20: =H20*F20 -> 1978.38 | J20: =G20*F20 -> 2272.68 | K20: =J20-I20 -> 294.3 | L20: =K20/I20 -> 0.14875807 | M20: 1 | N20: =(I20 + (M20 * G20)) / (F20 + M20) -> 110.77053 | O20: =G20-N20 -> 15.489474 | P20: =O20*F20+M20 -> 279.81053 | Q20: =P20/(I20+(G20*M20)) -> 0.13294935 | R20: =IF(Q20 > L20, "Yes", "No") -> No | S20: =Q20-L20 -> -0.015808722 | T20: =IFERROR(__xludf.DUMMYFUNCTION("GOOGLEFINANCE(C20,""pe"")"),"#N/A") -> #N/A | U20: =IFERROR(__xludf.DUMMYFUNCTION("GOOGLEFINANCE(C20,""marketcap"")"),"#N/A") -> #N/A | V20: =IFERROR(__xludf.DUMMYFUNCTION("GOOGLEFINANCE(C20,""eps"")"),"#N/A") -> #N/A | W20: =IFERROR(__xludf.DUMMYFUNCTION("GOOGLEFINANCE(C20,""high52"")"),129.98) -> 129.98 | X20: =H20/W20 -> 0.84559163 | Y20: =IFERROR(__xludf.DUMMYFUNCTION("GOOGLEFINANCE(C20,""low52"")"),93.02) -> 93.02 | Z20: =H20/Y20 -> 1.1815739 | AA20: =IFERROR(__xludf.DUMMYFUNCTION("GOOGLEFINANCE(C20,""volumeavg"")"),627414.0) -> 627414 | AB20: =IFERROR(__xludf.DUMMYFUNCTION("GOOGLEFINANCE(C20,""volume"")"),208997.0) -> 208997 | AC20: Others | AD20: Moving
A21: ICICIPRUGETF | B21: 533244 | C21: GOLDIETF | D21: INF109KC1NT3 | E21: ETF | F21: 28 | G21: =IFERROR(__xludf.DUMMYFUNCTION("GOOGLEFINANCE(C21)"),135.87) -> 135.87 | H21: 61.14 | I21: =H21*F21 -> 1711.92 | J21: =G21*F21 -> 3804.36 | K21: =J21-I21 -> 2092.44 | L21: =K21/I21 -> 1.2222767 | M21: 1 | N21: =(I21 + (M21 * G21)) / (F21 + M21) -> 63.716897 | O21: =G21-N21 -> 72.153103 | P21: =O21*F21+M21 -> 2021.2869 | Q21: =P21/(I21+(G21*M21)) -> 1.0938943 | R21: =IF(Q21 > L21, "Yes", "No") -> No | S21: =Q21-L21 -> -0.12838247 | T21: =IFERROR(__xludf.DUMMYFUNCTION("GOOGLEFINANCE(C21,""pe"")"),"#N/A") -> #N/A | U21: =IFERROR(__xludf.DUMMYFUNCTION("GOOGLEFINANCE(C21,""marketcap"")"),"#N/A") -> #N/A | V21: =IFERROR(__xludf.DUMMYFUNCTION("GOOGLEFINANCE(C21,""eps"")"),"#N/A") -> #N/A | W21: =IFERROR(__xludf.DUMMYFUNCTION("GOOGLEFINANCE(C21,""high52"")"),158.0) -> 158 | X21: =H21/W21 -> 0.38696203 | Y21: =IFERROR(__xludf.DUMMYFUNCTION("GOOGLEFINANCE(C21,""low52"")"),69.71) -> 69.71 | Z21: =H21/Y21 -> 0.87706211 | AA21: =IFERROR(__xludf.DUMMYFUNCTION("GOOGLEFINANCE(C21,""volumeavg"")"),1.9770733E7) -> 19770733 | AB21: =IFERROR(__xludf.DUMMYFUNCTION("GOOGLEFINANCE(C21,""volume"")"),4881148.0) -> 4881148 | AC21: Others | AD21: Moving
A22: IDFC FIRST BANK LTD. | B22: 539437 | C22: IDFCFIRSTB | D22: INE092T01019 | E22: Equity | F22: 53 | G22: =IFERROR(__xludf.DUMMYFUNCTION("GOOGLEFINANCE(C22)"),68.73) -> 68.73 | H22: 69.96 | I22: =H22*F22 -> 3707.88 | J22: =G22*F22 -> 3642.69 | K22: =J22-I22 -> -65.19 | L22: =K22/I22 -> -0.017581475 | M22: 1 | N22: =(I22 + (M22 * G22)) / (F22 + M22) -> 69.937222 | O22: =G22-N22 -> -1.2072222 | P22: =O22*F22+M22 -> -62.982778 | Q22: =P22/(I22+(G22*M22)) -> -0.016677067 | R22: =IF(Q22 > L22, "Yes", "No") -> Yes | S22: =Q22-L22 -> 0.00090440819 | T22: =IFERROR(__xludf.DUMMYFUNCTION("GOOGLEFINANCE(C22,""pe"")"),33.45) -> 33.45 | U22: =IFERROR(__xludf.DUMMYFUNCTION("GOOGLEFINANCE(C22,""marketcap"")"),5.03565401602E11) -> 503565401602 | V22: =IFERROR(__xludf.DUMMYFUNCTION("GOOGLEFINANCE(C22,""eps"")"),2.06) -> 2.06 | W22: =IFERROR(__xludf.DUMMYFUNCTION("GOOGLEFINANCE(C22,""high52"")"),87.0) -> 87 | X22: =H22/W22 -> 0.80413793 | Y22: =IFERROR(__xludf.DUMMYFUNCTION("GOOGLEFINANCE(C22,""low52"")"),52.46) -> 52.46 | Z22: =H22/Y22 -> 1.3335875 | AA22: =IFERROR(__xludf.DUMMYFUNCTION("GOOGLEFINANCE(C22,""volumeavg"")"),4.1817099E7) -> 41817099 | AB22: =IFERROR(__xludf.DUMMYFUNCTION("GOOGLEFINANCE(C22,""volume"")"),1.41406091E8) -> 141406091 | AC22: Technology | AD22: Moving
A23: Indian Railway Catering and To | B23: 542830 | C23: IRCTC | D23: INE335Y01020 | E23: Equity | F23: 4 | G23: =IFERROR(__xludf.DUMMYFUNCTION("GOOGLEFINANCE(C23)"),630.15) -> 630.15 | H23: 866.23 | I23: =H23*F23 -> 3464.92 | J23: =G23*F23 -> 2520.6 | K23: =J23-I23 -> -944.32 | L23: =K23/I23 -> -0.27253732 | M23: 1 | N23: =(I23 + (M23 * G23)) / (F23 + M23) -> 819.014 | O23: =G23-N23 -> -188.864 | P23: =O23*F23+M23 -> -754.456 | Q23: =P23/(I23+(G23*M23)) -> -0.18423519 | R23: =IF(Q23 > L23, "Yes", "No") -> Yes | S23: =Q23-L23 -> 0.088302127 | T23: =IFERROR(__xludf.DUMMYFUNCTION("GOOGLEFINANCE(C23,""pe"")"),35.37) -> 35.37 | U23: =IFERROR(__xludf.DUMMYFUNCTION("GOOGLEFINANCE(C23,""marketcap"")"),5.04119956516E11) -> 504119956516 | V23: =IFERROR(__xludf.DUMMYFUNCTION("GOOGLEFINANCE(C23,""eps"")"),17.82) -> 17.82 | W23: =IFERROR(__xludf.DUMMYFUNCTION("GOOGLEFINANCE(C23,""high52"")"),820.25) -> 820.25 | X23: =H23/W23 -> 1.0560561 | Y23: =IFERROR(__xludf.DUMMYFUNCTION("GOOGLEFINANCE(C23,""low52"")"),596.0) -> 596 | Z23: =H23/Y23 -> 1.453406 | AA23: =IFERROR(__xludf.DUMMYFUNCTION("GOOGLEFINANCE(C23,""volumeavg"")"),1643006.0) -> 1643006 | AB23: =IFERROR(__xludf.DUMMYFUNCTION("GOOGLEFINANCE(C23,""volume"")"),1330692.0) -> 1330692 | AC23: PSU | AD23: Moving
A24: Indian Railway Finance | B24: 543257 | C24: IRFC | D24: INE053F01010 | E24: Equity | F24: 24 | G24: =IFERROR(__xludf.DUMMYFUNCTION("GOOGLEFINANCE(C24)"),110.06) -> 110.06 | H24: 151.1 | I24: =H24*F24 -> 3626.4 | J24: =G24*F24 -> 2641.44 | K24: =J24-I24 -> -984.96 | L24: =K24/I24 -> -0.27160821 | M24: 1 | N24: =(I24 + (M24 * G24)) / (F24 + M24) -> 149.4584 | O24: =G24-N24 -> -39.3984 | P24: =O24*F24+M24 -> -944.5616 | Q24: =P24/(I24+(G24*M24)) -> -0.25279585 | R24: =IF(Q24 > L24, "Yes", "No") -> Yes | S24: =Q24-L24 -> 0.018812352 | T24: =IFERROR(__xludf.DUMMYFUNCTION("GOOGLEFINANCE(C24,""pe"")"),20.51) -> 20.51 | U24: =IFERROR(__xludf.DUMMYFUNCTION("GOOGLEFINANCE(C24,""marketcap"")"),1.438189565381E12) -> 1438189565381 | V24: =IFERROR(__xludf.DUMMYFUNCTION("GOOGLEFINANCE(C24,""eps"")"),5.37) -> 5.37 | W24: =IFERROR(__xludf.DUMMYFUNCTION("GOOGLEFINANCE(C24,""high52"")"),148.95) -> 148.95 | X24: =H24/W24 -> 1.0144344 | Y24: =IFERROR(__xludf.DUMMYFUNCTION("GOOGLEFINANCE(C24,""low52"")"),108.04) -> 108.04 | Z24: =H24/Y24 -> 1.3985561 | AA24: =IFERROR(__xludf.DUMMYFUNCTION("GOOGLEFINANCE(C24,""volumeavg"")"),1.4246528E7) -> 14246528 | AB24: =IFERROR(__xludf.DUMMYFUNCTION("GOOGLEFINANCE(C24,""volume"")"),6343574.0) -> 6343574 | AC24: PSU | AD24: Moving
A25: IRCON International Ltd | B25: 541956 | C25: IRCON | D25: INE962Y01021 | E25: Equity | F25: 10 | G25: =IFERROR(__xludf.DUMMYFUNCTION("GOOGLEFINANCE(C25)"),147.31) -> 147.31 | H25: 207.6 | I25: =H25*F25 -> 2076 | J25: =G25*F25 -> 1473.1 | K25: =J25-I25 -> -602.9 | L25: =K25/I25 -> -0.29041426 | M25: 1 | N25: =(I25 + (M25 * G25)) / (F25 + M25) -> 202.11909 | O25: =G25-N25 -> -54.809091 | P25: =O25*F25+M25 -> -547.09091 | Q25: =P25/(I25+(G25*M25)) -> -0.24607046 | R25: =IF(Q25 > L25, "Yes", "No") -> Yes | S25: =Q25-L25 -> 0.044343801 | T25: =IFERROR(__xludf.DUMMYFUNCTION("GOOGLEFINANCE(C25,""pe"")"),22.54) -> 22.54 | U25: =IFERROR(__xludf.DUMMYFUNCTION("GOOGLEFINANCE(C25,""marketcap"")"),1.38613223196E11) -> 138613223196 | V25: =IFERROR(__xludf.DUMMYFUNCTION("GOOGLEFINANCE(C25,""eps"")"),6.53) -> 6.53 | W25: =IFERROR(__xludf.DUMMYFUNCTION("GOOGLEFINANCE(C25,""high52"")"),225.52) -> 225.52 | X25: =H25/W25 -> 0.9205392 | Y25: =IFERROR(__xludf.DUMMYFUNCTION("GOOGLEFINANCE(C25,""low52"")"),134.24) -> 134.24 | Z25: =H25/Y25 -> 1.5464839 | AA25: =IFERROR(__xludf.DUMMYFUNCTION("GOOGLEFINANCE(C25,""volumeavg"")"),2632347.0) -> 2632347 | AB25: =IFERROR(__xludf.DUMMYFUNCTION("GOOGLEFINANCE(C25,""volume"")"),545536.0) -> 545536 | AC25: PSU | AD25: Moving
A26: IWIND ENERGY | B26: 532894 | C26: INDOWIND | D26: INE227G01018 | E26: Equity | F26: 106 | G26: =IFERROR(__xludf.DUMMYFUNCTION("GOOGLEFINANCE(C26)"),9.71) -> 9.71 | H26: 21.96 | I26: =H26*F26 -> 2327.76 | J26: =G26*F26 -> 1029.26 | K26: =J26-I26 -> -1298.5 | L26: =K26/I26 -> -0.55783242 | M26: 1 | N26: =(I26 + (M26 * G26)) / (F26 + M26) -> 21.845514 | O26: =G26-N26 -> -12.135514 | P26: =O26*F26+M26 -> -1285.3645 | Q26: =P26/(I26+(G26*M26)) -> -0.54989561 | R26: =IF(Q26 > L26, "Yes", "No") -> Yes | S26: =Q26-L26 -> 0.0079368149 | T26: =IFERROR(__xludf.DUMMYFUNCTION("GOOGLEFINANCE(C26,""pe"")"),41.36) -> 41.36 | U26: =IFERROR(__xludf.DUMMYFUNCTION("GOOGLEFINANCE(C26,""marketcap"")"),1.563330397E9) -> 1563330397 | V26: =IFERROR(__xludf.DUMMYFUNCTION("GOOGLEFINANCE(C26,""eps"")"),0.23) -> 0.23 | W26: =IFERROR(__xludf.DUMMYFUNCTION("GOOGLEFINANCE(C26,""high52"")"),23.69) -> 23.69 | X26: =H26/W26 -> 0.92697341 | Y26: =IFERROR(__xludf.DUMMYFUNCTION("GOOGLEFINANCE(C26,""low52"")"),9.61) -> 9.61 | Z26: =H26/Y26 -> 2.2851197 | AA26: =IFERROR(__xludf.DUMMYFUNCTION("GOOGLEFINANCE(C26,""volumeavg"")"),1437899.0) -> 1437899 | AB26: =IFERROR(__xludf.DUMMYFUNCTION("GOOGLEFINANCE(C26,""volume"")"),326049.0) -> 326049 | AC26: Green Energy | AD26: Moving
A27: KPIT Technologies Ltd | B27: 542651 | C27: KPITTECH | D27: INE04I401011 | E27: Equity | F27: 7 | G27: =IFERROR(__xludf.DUMMYFUNCTION("GOOGLEFINANCE(C27)"),772.9) -> 772.9 | H27: 1296.71 | I27: =H27*F27 -> 9076.97 | J27: =G27*F27 -> 5410.3 | K27: =J27-I27 -> -3666.67 | L27: =K27/I27 -> -0.40395308 | M27: 1 | N27: =(I27 + (M27 * G27)) / (F27 + M27) -> 1231.2338 | O27: =G27-N27 -> -458.33375 | P27: =O27*F27+M27 -> -3207.3362 | Q27: =P27/(I27+(G27*M27)) -> -0.32562219 | R27: =IF(Q27 > L27, "Yes", "No") -> Yes | S27: =Q27-L27 -> 0.07833089 | T27: =IFERROR(__xludf.DUMMYFUNCTION("GOOGLEFINANCE(C27,""pe"")"),29.43) -> 29.43 | U27: =IFERROR(__xludf.DUMMYFUNCTION("GOOGLEFINANCE(C27,""marketcap"")"),2.100508458E11) -> 210050845800 | V27: =IFERROR(__xludf.DUMMYFUNCTION("GOOGLEFINANCE(C27,""eps"")"),26.27) -> 26.27 | W27: =IFERROR(__xludf.DUMMYFUNCTION("GOOGLEFINANCE(C27,""high52"")"),1434.5) -> 1434.5 | X27: =H27/W27 -> 0.90394563 | Y27: =IFERROR(__xludf.DUMMYFUNCTION("GOOGLEFINANCE(C27,""low52"")"),772.1) -> 772.1 | Z27: =H27/Y27 -> 1.6794586 | AA27: =IFERROR(__xludf.DUMMYFUNCTION("GOOGLEFINANCE(C27,""volumeavg"")"),1252629.0) -> 1252629 | AB27: =IFERROR(__xludf.DUMMYFUNCTION("GOOGLEFINANCE(C27,""volume"")"),1265431.0) -> 1265431 | AC27: Technology | AD27: Moving
A28: L&T INFOTECH LTD. | B28: 540005 | C28: LTIM | D28: INE214T01019 | E28: Equity | F28: 1 | G28: =IFERROR(__xludf.DUMMYFUNCTION("GOOGLEFINANCE(C28)"),4530.5) -> 4530.5 | H28: 4815 | I28: =H28*F28 -> 4815 | J28: =G28*F28 -> 4530.5 | K28: =J28-I28 -> -284.5 | L28: =K28/I28 -> -0.059086189 | M28: 1 | N28: =(I28 + (M28 * G28)) / (F28 + M28) -> 4672.75 | O28: =G28-N28 -> -142.25 | P28: =O28*F28+M28 -> -141.25 | Q28: =P28/(I28+(G28*M28)) -> -0.015114226 | R28: =IF(Q28 > L28, "Yes", "No") -> Yes | S28: =Q28-L28 -> 0.043971963 | T28: =IFERROR(__xludf.DUMMYFUNCTION("GOOGLEFINANCE(C28,""pe"")"),34.69) -> 34.69 | U28: =IFERROR(__xludf.DUMMYFUNCTION("GOOGLEFINANCE(C28,""marketcap"")"),1.449271E12) -> 1449271000000 | V28: =IFERROR(__xludf.DUMMYFUNCTION("GOOGLEFINANCE(C28,""eps"")"),145.92) -> 145.92 | W28: =IFERROR(__xludf.DUMMYFUNCTION("GOOGLEFINANCE(C28,""high52"")"),6429.5) -> 6429.5 | X28: =H28/W28 -> 0.74889183 | Y28: =IFERROR(__xludf.DUMMYFUNCTION("GOOGLEFINANCE(C28,""low52"")"),3802.0) -> 3802 | Z28: =H28/Y28 -> 1.2664387 | AA28: =IFERROR(__xludf.DUMMYFUNCTION("GOOGLEFINANCE(C28,""volumeavg"")"),365487.0) -> 365487 | AB28: =IFERROR(__xludf.DUMMYFUNCTION("GOOGLEFINANCE(C28,""volume"")"),415582.0) -> 415582 | AC28: Technology | AD28: Moving
A29: LARSEN & TOUBRO LTD. | B29: 500510 | C29: LT | D29: INE018A01030 | E29: Equity | F29: 2 | G29: =IFERROR(__xludf.DUMMYFUNCTION("GOOGLEFINANCE(C29)"),4276.0) -> 4276 | H29: 3373 | I29: =H29*F29 -> 6746 | J29: =G29*F29 -> 8552 | K29: =J29-I29 -> 1806 | L29: =K29/I29 -> 0.2677142 | M29: 1 | N29: =(I29 + (M29 * G29)) / (F29 + M29) -> 3674 | O29: =G29-N29 -> 602 | P29: =O29*F29+M29 -> 1205 | Q29: =P29/(I29+(G29*M29)) -> 0.1093268 | R29: =IF(Q29 > L29, "Yes", "No") -> No | S29: =Q29-L29 -> -0.1583874 | T29: =IFERROR(__xludf.DUMMYFUNCTION("GOOGLEFINANCE(C29,""pe"")"),36.16) -> 36.16 | U29: =IFERROR(__xludf.DUMMYFUNCTION("GOOGLEFINANCE(C29,""marketcap"")"),5.885689358937E12) -> 5885689358937 | V29: =IFERROR(__xludf.DUMMYFUNCTION("GOOGLEFINANCE(C29,""eps"")"),118.13) -> 118.13 | W29: =IFERROR(__xludf.DUMMYFUNCTION("GOOGLEFINANCE(C29,""high52"")"),4440.0) -> 4440 | X29: =H29/W29 -> 0.75968468 | Y29: =IFERROR(__xludf.DUMMYFUNCTION("GOOGLEFINANCE(C29,""low52"")"),2965.3) -> 2965.3 | Z29: =H29/Y29 -> 1.1374903 | AA29: =IFERROR(__xludf.DUMMYFUNCTION("GOOGLEFINANCE(C29,""volumeavg"")"),2043190.0) -> 2043190 | AB29: =IFERROR(__xludf.DUMMYFUNCTION("GOOGLEFINANCE(C29,""volume"")"),1994533.0) -> 1994533 | AC29: Defence | AD29: Moving
A30: LE TRAVENUES TECHNOLOGY L | B30: 544192 | C30: IXIGO | D30: INE0HV901016 | E30: Equity | F30: 13 | G30: =IFERROR(__xludf.DUMMYFUNCTION("GOOGLEFINANCE(C30)"),165.41) -> 165.41 | H30: 149.31 | I30: =H30*F30 -> 1941.03 | J30: =G30*F30 -> 2150.33 | K30: =J30-I30 -> 209.3 | L30: =K30/I30 -> 0.10782935 | M30: 1 | N30: =(I30 + (M30 * G30)) / (F30 + M30) -> 150.46 | O30: =G30-N30 -> 14.95 | P30: =O30*F30+M30 -> 195.35 | Q30: =P30/(I30+(G30*M30)) -> 0.092739409 | R30: =IF(Q30 > L30, "Yes", "No") -> No | S30: =Q30-L30 -> -0.01508994 | T30: =IFERROR(__xludf.DUMMYFUNCTION("GOOGLEFINANCE(C30,""pe"")"),117.61) -> 117.61 | U30: =IFERROR(__xludf.DUMMYFUNCTION("GOOGLEFINANCE(C30,""marketcap"")"),7.2654127778E10) -> 72654127778 | V30: =IFERROR(__xludf.DUMMYFUNCTION("GOOGLEFINANCE(C30,""eps"")"),1.41) -> 1.41 | W30: =IFERROR(__xludf.DUMMYFUNCTION("GOOGLEFINANCE(C30,""high52"")"),339.15) -> 339.15 | X30: =H30/W30 -> 0.44024768 | Y30: =IFERROR(__xludf.DUMMYFUNCTION("GOOGLEFINANCE(C30,""low52"")"),117.0) -> 117 | Z30: =H30/Y30 -> 1.2761538 | AA30: =IFERROR(__xludf.DUMMYFUNCTION("GOOGLEFINANCE(C30,""volumeavg"")"),3045595.0) -> 3045595 | AB30: =IFERROR(__xludf.DUMMYFUNCTION("GOOGLEFINANCE(C30,""volume"")"),2364174.0) -> 2364174 | AC30: Technology | AD30: Moving
A31: MAHINDRA & MAHINDRA LTD. | B31: 500520 | C31: M&M | D31: INE101A01026 | E31: Equity | F31: 2 | G31: =IFERROR(__xludf.DUMMYFUNCTION("GOOGLEFINANCE(C31)"),3421.0) -> 3421 | H31: 1151.9 | I31: =H31*F31 -> 2303.8 | J31: =G31*F31 -> 6842 | K31: =J31-I31 -> 4538.2 | L31: =K31/I31 -> 1.9698759 | M31: 1 | N31: =(I31 + (M31 * G31)) / (F31 + M31) -> 1908.2667 | O31: =G31-N31 -> 1512.7333 | P31: =O31*F31+M31 -> 3026.4667 | Q31: =P31/(I31+(G31*M31)) -> 0.52865893 | R31: =IF(Q31 > L31, "Yes", "No") -> No | S31: =Q31-L31 -> -1.4412169 | T31: =IFERROR(__xludf.DUMMYFUNCTION("GOOGLEFINANCE(C31,""pe"")"),24.43) -> 24.43 | U31: =IFERROR(__xludf.DUMMYFUNCTION("GOOGLEFINANCE(C31,""marketcap"")"),4.108135348433E12) -> 4108135348433 | V31: =IFERROR(__xludf.DUMMYFUNCTION("GOOGLEFINANCE(C31,""eps"")"),140.08) -> 140.08 | W31: =IFERROR(__xludf.DUMMYFUNCTION("GOOGLEFINANCE(C31,""high52"")"),3839.9) -> 3839.9 | X31: =H31/W31 -> 0.29998177 | Y31: =IFERROR(__xludf.DUMMYFUNCTION("GOOGLEFINANCE(C31,""low52"")"),2425.0) -> 2425 | Z31: =H31/Y31 -> 0.47501031 | AA31: =IFERROR(__xludf.DUMMYFUNCTION("GOOGLEFINANCE(C31,""volumeavg"")"),2464736.0) -> 2464736 | AB31: =IFERROR(__xludf.DUMMYFUNCTION("GOOGLEFINANCE(C31,""volume"")"),641895.0) -> 641895 | AC31: EV | AD31: Moving
A32: MOTILALAMC - MOMOMENTUM | B32: 543465 | C32: MOMOMENTUM | D32: INF247L01BK2 | E32: ETF | F32: 6 | G32: =IFERROR(__xludf.DUMMYFUNCTION("GOOGLEFINANCE(C32)"),63.49) -> 63.49 | H32: 71.67 | I32: =H32*F32 -> 430.02 | J32: =G32*F32 -> 380.94 | K32: =J32-I32 -> -49.08 | L32: =K32/I32 -> -0.11413423 | M32: 1 | N32: =(I32 + (M32 * G32)) / (F32 + M32) -> 70.501429 | O32: =G32-N32 -> -7.0114286 | P32: =O32*F32+M32 -> -41.068571 | Q32: =P32/(I32+(G32*M32)) -> -0.083217303 | R32: =IF(Q32 > L32, "Yes", "No") -> Yes | S32: =Q32-L32 -> 0.030916923 | T32: =IFERROR(__xludf.DUMMYFUNCTION("GOOGLEFINANCE(C32,""pe"")"),"#N/A") -> #N/A | U32: =IFERROR(__xludf.DUMMYFUNCTION("GOOGLEFINANCE(C32,""marketcap"")"),"#N/A") -> #N/A | V32: =IFERROR(__xludf.DUMMYFUNCTION("GOOGLEFINANCE(C32,""eps"")"),"#N/A") -> #N/A | W32: =IFERROR(__xludf.DUMMYFUNCTION("GOOGLEFINANCE(C32,""high52"")"),66.37) -> 66.37 | X32: =H32/W32 -> 1.0798554 | Y32: =IFERROR(__xludf.DUMMYFUNCTION("GOOGLEFINANCE(C32,""low52"")"),51.21) -> 51.21 | Z32: =H32/Y32 -> 1.3995313 | AA32: =IFERROR(__xludf.DUMMYFUNCTION("GOOGLEFINANCE(C32,""volumeavg"")"),73541.0) -> 73541 | AB32: =IFERROR(__xludf.DUMMYFUNCTION("GOOGLEFINANCE(C32,""volume"")"),17729.0) -> 17729 | AC32: Others | AD32: Moving
A33: NHPC | B33: 533098 | C33: NHPC | D33: INE848E01016 | E33: Equity | F33: 58 | G33: =IFERROR(__xludf.DUMMYFUNCTION("GOOGLEFINANCE(C33)"),74.72) -> 74.72 | H33: 90.88 | I33: =H33*F33 -> 5271.04 | J33: =G33*F33 -> 4333.76 | K33: =J33-I33 -> -937.28 | L33: =K33/I33 -> -0.1778169 | M33: 1 | N33: =(I33 + (M33 * G33)) / (F33 + M33) -> 90.606102 | O33: =G33-N33 -> -15.886102 | P33: =O33*F33+M33 -> -920.3939 | Q33: =P33/(I33+(G33*M33)) -> -0.17217269 | R33: =IF(Q33 > L33, "Yes", "No") -> Yes | S33: =Q33-L33 -> 0.0056442079 | T33: =IFERROR(__xludf.DUMMYFUNCTION("GOOGLEFINANCE(C33,""pe"")"),23.76) -> 23.76 | U33: =IFERROR(__xludf.DUMMYFUNCTION("GOOGLEFINANCE(C33,""marketcap"")"),7.51368274654E11) -> 751368274654 | V33: =IFERROR(__xludf.DUMMYFUNCTION("GOOGLEFINANCE(C33,""eps"")"),3.15) -> 3.15 | W33: =IFERROR(__xludf.DUMMYFUNCTION("GOOGLEFINANCE(C33,""high52"")"),92.34) -> 92.34 | X33: =H33/W33 -> 0.98418887 | Y33: =IFERROR(__xludf.DUMMYFUNCTION("GOOGLEFINANCE(C33,""low52"")"),71.0) -> 71 | Z33: =H33/Y33 -> 1.28 | AA33: =IFERROR(__xludf.DUMMYFUNCTION("GOOGLEFINANCE(C33,""volumeavg"")"),1.5043452E7) -> 15043452 | AB33: =IFERROR(__xludf.DUMMYFUNCTION("GOOGLEFINANCE(C33,""volume"")"),4933720.0) -> 4933720 | AC33: Green Energy | AD33: Moving
A34: NTPC GREEN ENERGY LIMITED | B34: 544289 | C34: NTPCGREEN | D34: INE0ONG01011 | E34: Equity | F34: 51 | G34: =IFERROR(__xludf.DUMMYFUNCTION("GOOGLEFINANCE(C34)"),89.71) -> 89.71 | H34: 112.72 | I34: =H34*F34 -> 5748.72 | J34: =G34*F34 -> 4575.21 | K34: =J34-I34 -> -1173.51 | L34: =K34/I34 -> -0.20413414 | M34: 1 | N34: =(I34 + (M34 * G34)) / (F34 + M34) -> 112.2775 | O34: =G34-N34 -> -22.5675 | P34: =O34*F34+M34 -> -1149.9425 | Q34: =P34/(I34+(G34*M34)) -> -0.19696091 | R34: =IF(Q34 > L34, "Yes", "No") -> Yes | S34: =Q34-L34 -> 0.0071732252 | T34: =IFERROR(__xludf.DUMMYFUNCTION("GOOGLEFINANCE(C34,""pe"")"),137.39) -> 137.39 | U34: =IFERROR(__xludf.DUMMYFUNCTION("GOOGLEFINANCE(C34,""marketcap"")"),7.55925966875E11) -> 755925966875 | V34: =IFERROR(__xludf.DUMMYFUNCTION("GOOGLEFINANCE(C34,""eps"")"),0.65) -> 0.65 | W34: =IFERROR(__xludf.DUMMYFUNCTION("GOOGLEFINANCE(C34,""high52"")"),117.64) -> 117.64 | X34: =H34/W34 -> 0.95817749 | Y34: =IFERROR(__xludf.DUMMYFUNCTION("GOOGLEFINANCE(C34,""low52"")"),84.05) -> 84.05 | Z34: =H34/Y34 -> 1.3411065 | AA34: =IFERROR(__xludf.DUMMYFUNCTION("GOOGLEFINANCE(C34,""volumeavg"")"),3423668.0) -> 3423668 | AB34: =IFERROR(__xludf.DUMMYFUNCTION("GOOGLEFINANCE(C34,""volume"")"),1874950.0) -> 1874950 | AC34: Green Energy | AD34: Moving
A35: OLECTRA GREENTECH LTD | B35: 532439 | C35: OLECTRA | D35: INE260D01016 | E35: Equity | F35: 7 | G35: =IFERROR(__xludf.DUMMYFUNCTION("GOOGLEFINANCE(C35)"),1016.1) -> 1016.1 | H35: 1493.29 | I35: =H35*F35 -> 10453.03 | J35: =G35*F35 -> 7112.7 | K35: =J35-I35 -> -3340.33 | L35: =K35/I35 -> -0.31955615 | M35: 1 | N35: =(I35 + (M35 * G35)) / (F35 + M35) -> 1433.6412 | O35: =G35-N35 -> -417.54125 | P35: =O35*F35+M35 -> -2921.7888 | Q35: =P35/(I35+(G35*M35)) -> -0.25475243 | R35: =IF(Q35 > L35, "Yes", "No") -> Yes | S35: =Q35-L35 -> 0.064803717 | T35: =IFERROR(__xludf.DUMMYFUNCTION("GOOGLEFINANCE(C35,""pe"")"),58.33) -> 58.33 | U35: =IFERROR(__xludf.DUMMYFUNCTION("GOOGLEFINANCE(C35,""marketcap"")"),8.347610241E10) -> 83476102410 | V35: =IFERROR(__xludf.DUMMYFUNCTION("GOOGLEFINANCE(C35,""eps"")"),17.42) -> 17.42 | W35: =IFERROR(__xludf.DUMMYFUNCTION("GOOGLEFINANCE(C35,""high52"")"),1714.2) -> 1714.2 | X35: =H35/W35 -> 0.87112939 | Y35: =IFERROR(__xludf.DUMMYFUNCTION("GOOGLEFINANCE(C35,""low52"")"),965.1) -> 965.1 | Z35: =H35/Y35 -> 1.5472904 | AA35: =IFERROR(__xludf.DUMMYFUNCTION("GOOGLEFINANCE(C35,""volumeavg"")"),395158.0) -> 395158 | AB35: =IFERROR(__xludf.DUMMYFUNCTION("GOOGLEFINANCE(C35,""volume"")"),268232.0) -> 268232 | AC35: EV | AD35: Moving
A36: PREMIER ENERGIES LIMITED | B36: 544238 | C36: PREMIERENE | D36: INE0BS701011 | E36: Equity | F36: 1 | G36: =IFERROR(__xludf.DUMMYFUNCTION("GOOGLEFINANCE(C36)"),764.45) -> 764.45 | H36: 835 | I36: =H36*F36 -> 835 | J36: =G36*F36 -> 764.45 | K36: =J36-I36 -> -70.55 | L36: =K36/I36 -> -0.084491018 | M36: 1 | N36: =(I36 + (M36 * G36)) / (F36 + M36) -> 799.725 | O36: =G36-N36 -> -35.275 | P36: =O36*F36+M36 -> -34.275 | Q36: =P36/(I36+(G36*M36)) -> -0.021429241 | R36: =IF(Q36 > L36, "Yes", "No") -> Yes | S36: =Q36-L36 -> 0.063061777 | T36: =IFERROR(__xludf.DUMMYFUNCTION("GOOGLEFINANCE(C36,""pe"")"),27.1) -> 27.1 | U36: =IFERROR(__xludf.DUMMYFUNCTION("GOOGLEFINANCE(C36,""marketcap"")"),3.43452568354E11) -> 343452568354 | V36: =IFERROR(__xludf.DUMMYFUNCTION("GOOGLEFINANCE(C36,""eps"")"),28.21) -> 28.21 | W36: =IFERROR(__xludf.DUMMYFUNCTION("GOOGLEFINANCE(C36,""high52"")"),1163.9) -> 1163.9 | X36: =H36/W36 -> 0.71741559 | Y36: =IFERROR(__xludf.DUMMYFUNCTION("GOOGLEFINANCE(C36,""low52"")"),660.0) -> 660 | Z36: =H36/Y36 -> 1.2651515 | AA36: =IFERROR(__xludf.DUMMYFUNCTION("GOOGLEFINANCE(C36,""volumeavg"")"),1936503.0) -> 1936503 | AB36: =IFERROR(__xludf.DUMMYFUNCTION("GOOGLEFINANCE(C36,""volume"")"),430393.0) -> 430393 | AC36: Green Energy | AD36: Moving
A37: RailTel Corporation of India L | B37: 543265 | C37: RAILTEL | D37: INE0DD101019 | E37: Equity | F37: 21 | G37: =IFERROR(__xludf.DUMMYFUNCTION("GOOGLEFINANCE(C37)"),323.0) -> 323 | H37: 450.55 | I37: =H37*F37 -> 9461.55 | J37: =G37*F37 -> 6783 | K37: =J37-I37 -> -2678.55 | L37: =K37/I37 -> -0.28309844 | M37: 1 | N37: =(I37 + (M37 * G37)) / (F37 + M37) -> 444.75227 | O37: =G37-N37 -> -121.75227 | P37: =O37*F37+M37 -> -2555.7977 | Q37: =P37/(I37+(G37*M37)) -> -0.26120749 | R37: =IF(Q37 > L37, "Yes", "No") -> Yes | S37: =Q37-L37 -> 0.021890947 | T37: =IFERROR(__xludf.DUMMYFUNCTION("GOOGLEFINANCE(C37,""pe"")"),32.61) -> 32.61 | U37: =IFERROR(__xludf.DUMMYFUNCTION("GOOGLEFINANCE(C37,""marketcap"")"),1.03598911602E11) -> 103598911602 | V37: =IFERROR(__xludf.DUMMYFUNCTION("GOOGLEFINANCE(C37,""eps"")"),9.9) -> 9.9 | W37: =IFERROR(__xludf.DUMMYFUNCTION("GOOGLEFINANCE(C37,""high52"")"),478.95) -> 478.95 | X37: =H37/W37 -> 0.94070362 | Y37: =IFERROR(__xludf.DUMMYFUNCTION("GOOGLEFINANCE(C37,""low52"")"),265.5) -> 265.5 | Z37: =H37/Y37 -> 1.6969868 | AA37: =IFERROR(__xludf.DUMMYFUNCTION("GOOGLEFINANCE(C37,""volumeavg"")"),1417446.0) -> 1417446 | AB37: =IFERROR(__xludf.DUMMYFUNCTION("GOOGLEFINANCE(C37,""volume"")"),511216.0) -> 511216 | AC37: PSU | AD37: Moving
A38: RVNL | B38: 542649 | C38: RVNL | D38: INE415G01027 | E38: Equity | F38: 14 | G38: =IFERROR(__xludf.DUMMYFUNCTION("GOOGLEFINANCE(C37)"),323.0) -> 323 | H38: 467.18 | I38: =H38*F38 -> 6540.52 | J38: =G38*F38 -> 4522 | K38: =J38-I38 -> -2018.52 | L38: =K38/I38 -> -0.30861766 | M38: 1 | N38: =(I38 + (M38 * G38)) / (F38 + M38) -> 457.568 | O38: =G38-N38 -> -134.568 | P38: =O38*F38+M38 -> -1882.952 | Q38: =P38/(I38+(G38*M38)) -> -0.27434203 | R38: =IF(Q38 > L38, "Yes", "No") -> Yes | S38: =Q38-L38 -> 0.034275635 | T38: =IFERROR(__xludf.DUMMYFUNCTION("GOOGLEFINANCE(C38,""pe"")"),"#N/A") -> #N/A | U38: =IFERROR(__xludf.DUMMYFUNCTION("GOOGLEFINANCE(C38,""marketcap"")"),"#N/A") -> #N/A | V38: =IFERROR(__xludf.DUMMYFUNCTION("GOOGLEFINANCE(C38,""eps"")"),"#N/A") -> #N/A | W38: =IFERROR(__xludf.DUMMYFUNCTION("GOOGLEFINANCE(C38,""high52"")"),75.05) -> 75.05 | X38: =H38/W38 -> 6.2249167 | Y38: =IFERROR(__xludf.DUMMYFUNCTION("GOOGLEFINANCE(C38,""low52"")"),24.49) -> 24.49 | Z38: =H38/Y38 -> 19.076358 | AA38: =IFERROR(__xludf.DUMMYFUNCTION("GOOGLEFINANCE(C38,""volumeavg"")"),46893.0) -> 46893 | AB38: =IFERROR(__xludf.DUMMYFUNCTION("GOOGLEFINANCE(C38,""volume"")"),0.0) -> 0 | AC38: PSU | AD38: Moving
A39: SITI CABLE NET-EQ | B39: 532795 | C39: SITINET | D39: INE965H01011 | E39: Equity | F39: 100 | G39: =IFERROR(__xludf.DUMMYFUNCTION("GOOGLEFINANCE(C39)"),0.37) -> 0.37 | H39: 0.83 | I39: =H39*F39 -> 83 | J39: =G39*F39 -> 37 | K39: =J39-I39 -> -46 | L39: =K39/I39 -> -0.55421687 | M39: 1 | N39: =(I39 + (M39 * G39)) / (F39 + M39) -> 0.82544554 | O39: =G39-N39 -> -0.45544554 | P39: =O39*F39+M39 -> -44.544554 | Q39: =P39/(I39+(G39*M39)) -> -0.53429956 | R39: =IF(Q39 > L39, "Yes", "No") -> Yes | S39: =Q39-L39 -> 0.019917306 | T39: =IFERROR(__xludf.DUMMYFUNCTION("GOOGLEFINANCE(C39,""pe"")"),"#N/A") -> #N/A | U39: =IFERROR(__xludf.DUMMYFUNCTION("GOOGLEFINANCE(C39,""marketcap"")"),3.4010097E8) -> 340100970 | V39: =IFERROR(__xludf.DUMMYFUNCTION("GOOGLEFINANCE(C39,""eps"")"),-2.48) -> -2.48 | W39: =IFERROR(__xludf.DUMMYFUNCTION("GOOGLEFINANCE(C39,""high52"")"),0.64) -> 0.64 | X39: =H39/W39 -> 1.296875 | Y39: =IFERROR(__xludf.DUMMYFUNCTION("GOOGLEFINANCE(C39,""low52"")"),0.31) -> 0.31 | Z39: =H39/Y39 -> 2.6774194 | AA39: =IFERROR(__xludf.DUMMYFUNCTION("GOOGLEFINANCE(C39,""volumeavg"")"),555827.0) -> 555827 | AB39: =IFERROR(__xludf.DUMMYFUNCTION("GOOGLEFINANCE(C39,""volume"")"),64395.0) -> 64395 | AC39: Others | AD39: Non Moving
A40: SJVN | B40: 533206 | C40: SJVN | D40: INE002L01015 | E40: Equity | F40: 97 | G40: =IFERROR(__xludf.DUMMYFUNCTION("GOOGLEFINANCE(C40)"),73.62) -> 73.62 | H40: 129.74 | I40: =H40*F40 -> 12584.78 | J40: =G40*F40 -> 7141.14 | K40: =J40-I40 -> -5443.64 | L40: =K40/I40 -> -0.43255742 | M40: 1 | N40: =(I40 + (M40 * G40)) / (F40 + M40) -> 129.16735 | O40: =G40-N40 -> -55.547347 | P40: =O40*F40+M40 -> -5387.0927 | Q40: =P40/(I40+(G40*M40)) -> -0.42557453 | R40: =IF(Q40 > L40, "Yes", "No") -> Yes | S40: =Q40-L40 -> 0.0069828908 | T40: =IFERROR(__xludf.DUMMYFUNCTION("GOOGLEFINANCE(C40,""pe"")"),45.36) -> 45.36 | U40: =IFERROR(__xludf.DUMMYFUNCTION("GOOGLEFINANCE(C40,""marketcap"")"),2.89429407746E11) -> 289429407746 | V40: =IFERROR(__xludf.DUMMYFUNCTION("GOOGLEFINANCE(C40,""eps"")"),1.62) -> 1.62 | W40: =IFERROR(__xludf.DUMMYFUNCTION("GOOGLEFINANCE(C40,""high52"")"),107.5) -> 107.5 | X40: =H40/W40 -> 1.2068837 | Y40: =IFERROR(__xludf.DUMMYFUNCTION("GOOGLEFINANCE(C40,""low52"")"),68.13) -> 68.13 | Z40: =H40/Y40 -> 1.9043006 | AA40: =IFERROR(__xludf.DUMMYFUNCTION("GOOGLEFINANCE(C40,""volumeavg"")"),6934991.0) -> 6934991 | AB40: =IFERROR(__xludf.DUMMYFUNCTION("GOOGLEFINANCE(C40,""volume"")"),2418898.0) -> 2418898 | AC40: Green Energy | AD40: Moving
A41: TATA ELXSI | B41: 500408 | C41: TATAELXSI | D41: INE670A01012 | E41: Equity | F41: 2 | G41: =IFERROR(__xludf.DUMMYFUNCTION("GOOGLEFINANCE(C41)"),4466.0) -> 4466 | H41: 6554.38 | I41: =H41*F41 -> 13108.76 | J41: =G41*F41 -> 8932 | K41: =J41-I41 -> -4176.76 | L41: =K41/I41 -> -0.31862358 | M41: 1 | N41: =(I41 + (M41 * G41)) / (F41 + M41) -> 5858.2533 | O41: =G41-N41 -> -1392.2533 | P41: =O41*F41+M41 -> -2783.5067 | Q41: =P41/(I41+(G41*M41)) -> -0.15838092 | R41: =IF(Q41 > L41, "Yes", "No") -> Yes | S41: =Q41-L41 -> 0.16024266 | T41: =IFERROR(__xludf.DUMMYFUNCTION("GOOGLEFINANCE(C41,""pe"")"),47.89) -> 47.89 | U41: =IFERROR(__xludf.DUMMYFUNCTION("GOOGLEFINANCE(C41,""marketcap"")"),2.7822497787E11) -> 278224977870 | V41: =IFERROR(__xludf.DUMMYFUNCTION("GOOGLEFINANCE(C41,""eps"")"),93.19) -> 93.19 | W41: =IFERROR(__xludf.DUMMYFUNCTION("GOOGLEFINANCE(C41,""high52"")"),6735.0) -> 6735 | X41: =H41/W41 -> 0.97318189 | Y41: =IFERROR(__xludf.DUMMYFUNCTION("GOOGLEFINANCE(C41,""low52"")"),4455.5) -> 4455.5 | Z41: =H41/Y41 -> 1.4710762 | AA41: =IFERROR(__xludf.DUMMYFUNCTION("GOOGLEFINANCE(C41,""volumeavg"")"),289195.0) -> 289195 | AB41: =IFERROR(__xludf.DUMMYFUNCTION("GOOGLEFINANCE(C41,""volume"")"),280835.0) -> 280835 | AC41: Technology | AD41: Moving
A42: TATA MOTORS PASSENGER VECHICLE LIMITED | B42: 500570 | C42: TMPV | D42: INE155A01022 | E42: Equity | F42: 39 | G42: =IFERROR(__xludf.DUMMYFUNCTION("GOOGLEFINANCE(C42)"),376.05) -> 376.05 | H42: 607.2 | I42: =H42*F42 -> 23680.8 | J42: =G42*F42 -> 14665.95 | K42: =J42-I42 -> -9014.85 | L42: =K42/I42 -> -0.38068182 | M42: 1 | N42: =(I42 + (M42 * G42)) / (F42 + M42) -> 601.42125 | O42: =G42-N42 -> -225.37125 | P42: =O42*F42+M42 -> -8788.4788 | Q42: =P42/(I42+(G42*M42)) -> -0.36532126 | R42: =IF(Q42 > L42, "Yes", "No") -> Yes | S42: =Q42-L42 -> 0.015360558 | T42: =IFERROR(__xludf.DUMMYFUNCTION("GOOGLEFINANCE(C42,""pe"")"),"#N/A") -> #N/A | U42: =IFERROR(__xludf.DUMMYFUNCTION("GOOGLEFINANCE(C42,""marketcap"")"),1.391939E12) -> 1391939000000 | V42: =IFERROR(__xludf.DUMMYFUNCTION("GOOGLEFINANCE(C42,""eps"")"),"#N/A") -> #N/A | W42: =IFERROR(__xludf.DUMMYFUNCTION("GOOGLEFINANCE(C42,""high52"")"),419.0) -> 419 | X42: =H42/W42 -> 1.4491647 | Y42: =IFERROR(__xludf.DUMMYFUNCTION("GOOGLEFINANCE(C42,""low52"")"),335.6) -> 335.6 | Z42: =H42/Y42 -> 1.8092968 | AA42: =IFERROR(__xludf.DUMMYFUNCTION("GOOGLEFINANCE(C42,""volumeavg"")"),1.0118969E7) -> 10118969 | AB42: =IFERROR(__xludf.DUMMYFUNCTION("GOOGLEFINANCE(C42,""volume"")"),4199625.0) -> 4199625 | AC42: EV | AD42: Moving
A43: TATA MOTORS LIMITED | B43: 544569 | C43: NSE:TMCV | D43: INE1TAE01010 | E43: Equity | F43: 39 | G43: =IFERROR(__xludf.DUMMYFUNCTION("GOOGLEFINANCE(C43)"),476.5) -> 476.5 | H43: 274.71 | I43: =H43*F43 -> 10713.69 | J43: =G43*F43 -> 18583.5 | K43: =J43-I43 -> 7869.81 | L43: =K43/I43 -> 0.73455644 | M43: 1 | N43: =(I43 + (M43 * G43)) / (F43 + M43) -> 279.75475 | O43: =G43-N43 -> 196.74525 | P43: =O43*F43+M43 -> 7674.0647 | Q43: =P43/(I43+(G43*M43)) -> 0.68578503 | R43: =IF(Q43 > L43, "Yes", "No") -> No | S43: =Q43-L43 -> -0.048771414 | T43: =IFERROR(__xludf.DUMMYFUNCTION("GOOGLEFINANCE(C43,""pe"")"),68.16) -> 68.16 | U43: =IFERROR(__xludf.DUMMYFUNCTION("GOOGLEFINANCE(C43,""marketcap"")"),1.752970341736E12) -> 1752970341736 | V43: =IFERROR(__xludf.DUMMYFUNCTION("GOOGLEFINANCE(C43,""eps"")"),6.99) -> 6.99 | W43: =IFERROR(__xludf.DUMMYFUNCTION("GOOGLEFINANCE(C43,""high52"")"),500.0) -> 500 | X43: =H43/W43 -> 0.54942 | Y43: =IFERROR(__xludf.DUMMYFUNCTION("GOOGLEFINANCE(C43,""low52"")"),306.3) -> 306.3 | Z43: =H43/Y43 -> 0.89686582 | AA43: =IFERROR(__xludf.DUMMYFUNCTION("GOOGLEFINANCE(C43,""volumeavg"")"),9398829.0) -> 9398829 | AB43: =IFERROR(__xludf.DUMMYFUNCTION("GOOGLEFINANCE(C43,""volume"")"),4746397.0) -> 4746397 | AC43: EV | AD43: Moving
A44: TATA POWER | B44: 500400 | C44: TATAPOWER | D44: INE245A01021 | E44: Equity | F44: 22 | G44: =IFERROR(__xludf.DUMMYFUNCTION("GOOGLEFINANCE(C44)"),374.0) -> 374 | H44: 403.84 | I44: =H44*F44 -> 8884.48 | J44: =G44*F44 -> 8228 | K44: =J44-I44 -> -656.48 | L44: =K44/I44 -> -0.07389065 | M44: 1 | N44: =(I44 + (M44 * G44)) / (F44 + M44) -> 402.54261 | O44: =G44-N44 -> -28.542609 | P44: =O44*F44+M44 -> -626.93739 | Q44: =P44/(I44+(G44*M44)) -> -0.067714937 | R44: =IF(Q44 > L44, "Yes", "No") -> Yes | S44: =Q44-L44 -> 0.0061757126 | T44: =IFERROR(__xludf.DUMMYFUNCTION("GOOGLEFINANCE(C44,""pe"")"),31.51) -> 31.51 | U44: =IFERROR(__xludf.DUMMYFUNCTION("GOOGLEFINANCE(C44,""marketcap"")"),1.194736858697E12) -> 1194736858697 | V44: =IFERROR(__xludf.DUMMYFUNCTION("GOOGLEFINANCE(C44,""eps"")"),11.86) -> 11.86 | W44: =IFERROR(__xludf.DUMMYFUNCTION("GOOGLEFINANCE(C44,""high52"")"),416.8) -> 416.8 | X44: =H44/W44 -> 0.96890595 | Y44: =IFERROR(__xludf.DUMMYFUNCTION("GOOGLEFINANCE(C44,""low52"")"),331.85) -> 331.85 | Z44: =H44/Y44 -> 1.2169354 | AA44: =IFERROR(__xludf.DUMMYFUNCTION("GOOGLEFINANCE(C44,""volumeavg"")"),3466170.0) -> 3466170 | AB44: =IFERROR(__xludf.DUMMYFUNCTION("GOOGLEFINANCE(C44,""volume"")"),1062273.0) -> 1062273 | AC44: Green Energy | AD44: Moving
A45: TATA STL | B45: 500470 | C45: TATASTEEL | D45: INE081A01020 | E45: Equity | F45: 61 | G45: =IFERROR(__xludf.DUMMYFUNCTION("GOOGLEFINANCE(C45)"),207.92) -> 207.92 | H45: 135.76 | I45: =H45*F45 -> 8281.36 | J45: =G45*F45 -> 12683.12 | K45: =J45-I45 -> 4401.76 | L45: =K45/I45 -> 0.53152622 | M45: 1 | N45: =(I45 + (M45 * G45)) / (F45 + M45) -> 136.92387 | O45: =G45-N45 -> 70.996129 | P45: =O45*F45+M45 -> 4331.7639 | Q45: =P45/(I45+(G45*M45)) -> 0.51026281 | R45: =IF(Q45 > L45, "Yes", "No") -> No | S45: =Q45-L45 -> -0.021263412 | T45: =IFERROR(__xludf.DUMMYFUNCTION("GOOGLEFINANCE(C45,""pe"")"),28.24) -> 28.24 | U45: =IFERROR(__xludf.DUMMYFUNCTION("GOOGLEFINANCE(C45,""marketcap"")"),2.594951320145E12) -> 2594951320145 | V45: =IFERROR(__xludf.DUMMYFUNCTION("GOOGLEFINANCE(C45,""eps"")"),7.36) -> 7.36 | W45: =IFERROR(__xludf.DUMMYFUNCTION("GOOGLEFINANCE(C45,""high52"")"),211.39) -> 211.39 | X45: =H45/W45 -> 0.64222527 | Y45: =IFERROR(__xludf.DUMMYFUNCTION("GOOGLEFINANCE(C45,""low52"")"),125.3) -> 125.3 | Z45: =H45/Y45 -> 1.0834796 | AA45: =IFERROR(__xludf.DUMMYFUNCTION("GOOGLEFINANCE(C45,""volumeavg"")"),3.1703022E7) -> 31703022 | AB45: =IFERROR(__xludf.DUMMYFUNCTION("GOOGLEFINANCE(C45,""volume"")"),8904177.0) -> 8904177 | AC45: Others | AD45: Moving
A46: TATA TECHNOLOGIES LIMITED | B46: 544028 | C46: TATATECH | D46: INE142M01025 | E46: Equity | F46: 27 | G46: =IFERROR(__xludf.DUMMYFUNCTION("GOOGLEFINANCE(C46)"),571.95) -> 571.95 | H46: 972.16 | I46: =H46*F46 -> 26248.32 | J46: =G46*F46 -> 15442.65 | K46: =J46-I46 -> -10805.67 | L46: =K46/I46 -> -0.41167092 | M46: 1 | N46: =(I46 + (M46 * G46)) / (F46 + M46) -> 957.86679 | O46: =G46-N46 -> -385.91679 | P46: =O46*F46+M46 -> -10418.753 | Q46: =P46/(I46+(G46*M46)) -> -0.38846563 | R46: =IF(Q46 > L46, "Yes", "No") -> Yes | S46: =Q46-L46 -> 0.023205283 | T46: =IFERROR(__xludf.DUMMYFUNCTION("GOOGLEFINANCE(C46,""pe"")"),43.75) -> 43.75 | U46: =IFERROR(__xludf.DUMMYFUNCTION("GOOGLEFINANCE(C46,""marketcap"")"),2.32240307956E11) -> 232240307956 | V46: =IFERROR(__xludf.DUMMYFUNCTION("GOOGLEFINANCE(C46,""eps"")"),13.08) -> 13.08 | W46: =IFERROR(__xludf.DUMMYFUNCTION("GOOGLEFINANCE(C46,""high52"")"),797.0) -> 797 | X46: =H46/W46 -> 1.2197742 | Y46: =IFERROR(__xludf.DUMMYFUNCTION("GOOGLEFINANCE(C46,""low52"")"),571.6) -> 571.6 | Z46: =H46/Y46 -> 1.7007698 | AA46: =IFERROR(__xludf.DUMMYFUNCTION("GOOGLEFINANCE(C46,""volumeavg"")"),1006762.0) -> 1006762 | AB46: =IFERROR(__xludf.DUMMYFUNCTION("GOOGLEFINANCE(C46,""volume"")"),947179.0) -> 947179 | AC46: Technology | AD46: Moving
A47: TCS LTD | B47: 532540 | C47: NSE:TCS | D47: INE467B01029 | E47: Equity | F47: 6 | G47: =IFERROR(__xludf.DUMMYFUNCTION("GOOGLEFINANCE(C47)"),2570.1) -> 2570.1 | H47: 3240.88 | I47: =H47*F47 -> 19445.28 | J47: =G47*F47 -> 15420.6 | K47: =J47-I47 -> -4024.68 | L47: =K47/I47 -> -0.20697465 | M47: 1 | N47: =(I47 + (M47 * G47)) / (F47 + M47) -> 3145.0543 | O47: =G47-N47 -> -574.95429 | P47: =O47*F47+M47 -> -3448.7257 | Q47: =P47/(I47+(G47*M47)) -> -0.15665075 | R47: =IF(Q47 > L47, "Yes", "No") -> Yes | S47: =Q47-L47 -> 0.050323902 | T47: =IFERROR(__xludf.DUMMYFUNCTION("GOOGLEFINANCE(C47,""pe"")"),19.48) -> 19.48 | U47: =IFERROR(__xludf.DUMMYFUNCTION("GOOGLEFINANCE(C47,""marketcap"")"),9.3039107205E12) -> 9303910720500 | V47: =IFERROR(__xludf.DUMMYFUNCTION("GOOGLEFINANCE(C47,""eps"")"),131.88) -> 131.88 | W47: =IFERROR(__xludf.DUMMYFUNCTION("GOOGLEFINANCE(C47,""high52"")"),3763.2) -> 3763.2 | X47: =H47/W47 -> 0.86120323 | Y47: =IFERROR(__xludf.DUMMYFUNCTION("GOOGLEFINANCE(C47,""low52"")"),2570.0) -> 2570 | Z47: =H47/Y47 -> 1.2610428 | AA47: =IFERROR(__xludf.DUMMYFUNCTION("GOOGLEFINANCE(C47,""volumeavg"")"),3922558.0) -> 3922558 | AB47: =IFERROR(__xludf.DUMMYFUNCTION("GOOGLEFINANCE(C47,""volume"")"),4446828.0) -> 4446828 | AC47: Technology | AD47: Moving
A48: TEXMACO RAIL | B48: 533326 | C48: TEXRAIL | D48: INE621L01012 | E48: Equity | F48: 54 | G48: =IFERROR(__xludf.DUMMYFUNCTION("GOOGLEFINANCE(C48)"),107.5) -> 107.5 | H48: 216.8 | I48: =H48*F48 -> 11707.2 | J48: =G48*F48 -> 5805 | K48: =J48-I48 -> -5902.2 | L48: =K48/I48 -> -0.50415129 | M48: 1 | N48: =(I48 + (M48 * G48)) / (F48 + M48) -> 214.81273 | O48: =G48-N48 -> -107.31273 | P48: =O48*F48+M48 -> -5793.8873 | Q48: =P48/(I48+(G48*M48)) -> -0.49039648 | R48: =IF(Q48 > L48, "Yes", "No") -> Yes | S48: =Q48-L48 -> 0.013754813 | T48: =IFERROR(__xludf.DUMMYFUNCTION("GOOGLEFINANCE(C48,""pe"")"),24.43) -> 24.43 | U48: =IFERROR(__xludf.DUMMYFUNCTION("GOOGLEFINANCE(C48,""marketcap"")"),4.373793375E10) -> 43737933750 | V48: =IFERROR(__xludf.DUMMYFUNCTION("GOOGLEFINANCE(C48,""eps"")"),4.4) -> 4.4 | W48: =IFERROR(__xludf.DUMMYFUNCTION("GOOGLEFINANCE(C48,""high52"")"),189.0) -> 189 | X48: =H48/W48 -> 1.1470899 | Y48: =IFERROR(__xludf.DUMMYFUNCTION("GOOGLEFINANCE(C48,""low52"")"),107.45) -> 107.45 | Z48: =H48/Y48 -> 2.0176826 | AA48: =IFERROR(__xludf.DUMMYFUNCTION("GOOGLEFINANCE(C48,""volumeavg"")"),2570580.0) -> 2570580 | AB48: =IFERROR(__xludf.DUMMYFUNCTION("GOOGLEFINANCE(C48,""volume"")"),964798.0) -> 964798 | AC48: PSU | AD48: Moving
A49: WAAREE ENERGIES LIMITED | B49: 544277 | C49: WAAREEENER | D49: INE377N01017 | E49: Equity | F49: 9 | G49: =IFERROR(__xludf.DUMMYFUNCTION("GOOGLEFINANCE(C49)"),2979.8) -> 2979.8 | H49: 1503 | I49: =H49*F49 -> 13527 | J49: =G49*F49 -> 26818.2 | K49: =J49-I49 -> 13291.2 | L49: =K49/I49 -> 0.9825682 | M49: 1 | N49: =(I49 + (M49 * G49)) / (F49 + M49) -> 1650.68 | O49: =G49-N49 -> 1329.12 | P49: =O49*F49+M49 -> 11963.08 | Q49: =P49/(I49+(G49*M49)) -> 0.72473647 | R49: =IF(Q49 > L49, "Yes", "No") -> No | S49: =Q49-L49 -> -0.25783172 | T49: =IFERROR(__xludf.DUMMYFUNCTION("GOOGLEFINANCE(C49,""pe"")"),26.34) -> 26.34 | U49: =IFERROR(__xludf.DUMMYFUNCTION("GOOGLEFINANCE(C49,""marketcap"")"),8.57543829214E11) -> 857543829214 | V49: =IFERROR(__xludf.DUMMYFUNCTION("GOOGLEFINANCE(C49,""eps"")"),113.15) -> 113.15 | W49: =IFERROR(__xludf.DUMMYFUNCTION("GOOGLEFINANCE(C49,""high52"")"),3865.0) -> 3865 | X49: =H49/W49 -> 0.38887451 | Y49: =IFERROR(__xludf.DUMMYFUNCTION("GOOGLEFINANCE(C49,""low52"")"),1863.0) -> 1863 | Z49: =H49/Y49 -> 0.80676329 | AA49: =IFERROR(__xludf.DUMMYFUNCTION("GOOGLEFINANCE(C49,""volumeavg"")"),1665590.0) -> 1665590 | AB49: =IFERROR(__xludf.DUMMYFUNCTION("GOOGLEFINANCE(C49,""volume"")"),1412109.0) -> 1412109 | AC49: Green Energy | AD49: Moving
A50: WIPRO LTD. | B50: 507685 | C50: WIPRO | D50: INE075A01022 | E50: Equity | F50: 10 | G50: =IFERROR(__xludf.DUMMYFUNCTION("GOOGLEFINANCE(C50)"),199.7) -> 199.7 | H50: 223.1 | I50: =H50*F50 -> 2231 | J50: =G50*F50 -> 1997 | K50: =J50-I50 -> -234 | L50: =K50/I50 -> -0.1048857 | M50: 1 | N50: =(I50 + (M50 * G50)) / (F50 + M50) -> 220.97273 | O50: =G50-N50 -> -21.272727 | P50: =O50*F50+M50 -> -211.72727 | Q50: =P50/(I50+(G50*M50)) -> -0.087105473 | R50: =IF(Q50 > L50, "Yes", "No") -> Yes | S50: =Q50-L50 -> 0.017780229 | T50: =IFERROR(__xludf.DUMMYFUNCTION("GOOGLEFINANCE(C50,""pe"")"),15.81) -> 15.81 | U50: =IFERROR(__xludf.DUMMYFUNCTION("GOOGLEFINANCE(C50,""marketcap"")"),2.091772165949E12) -> 2091772165949 | V50: =IFERROR(__xludf.DUMMYFUNCTION("GOOGLEFINANCE(C50,""eps"")"),12.63) -> 12.63 | W50: =IFERROR(__xludf.DUMMYFUNCTION("GOOGLEFINANCE(C50,""high52"")"),303.3) -> 303.3 | X50: =H50/W50 -> 0.73557534 | Y50: =IFERROR(__xludf.DUMMYFUNCTION("GOOGLEFINANCE(C50,""low52"")"),199.59) -> 199.59 | Z50: =H50/Y50 -> 1.1177915 | AA50: =IFERROR(__xludf.DUMMYFUNCTION("GOOGLEFINANCE(C50,""volumeavg"")"),1.6564188E7) -> 16564188 | AB50: =IFERROR(__xludf.DUMMYFUNCTION("GOOGLEFINANCE(C50,""volume"")"),1.5529886E7) -> 15529886 | AC50: Technology | AD50: Moving
A51: Zomato Limited | B51: 543320 | C51: ETERNAL | D51: INE758T01015 | E51: Equity | F51: 33 | G51: =IFERROR(__xludf.DUMMYFUNCTION("GOOGLEFINANCE(C51)"),254.75) -> 254.75 | H51: 246.62 | I51: =H51*F51 -> 8138.46 | J51: =G51*F51 -> 8406.75 | K51: =J51-I51 -> 268.29 | L51: =K51/I51 -> 0.032965696 | M51: 1 | N51: =(I51 + (M51 * G51)) / (F51 + M51) -> 246.85912 | O51: =G51-N51 -> 7.8908824 | P51: =O51*F51+M51 -> 261.39912 | Q51: =P51/(I51+(G51*M51)) -> 0.031144117 | R51: =IF(Q51 > L51, "Yes", "No") -> No | S51: =Q51-L51 -> -0.0018215788 | T51: =IFERROR(__xludf.DUMMYFUNCTION("GOOGLEFINANCE(C51,""pe"")"),1013.92) -> 1013.92 | U51: =IFERROR(__xludf.DUMMYFUNCTION("GOOGLEFINANCE(C51,""marketcap"")"),2.31202616825E12) -> 2312026168250 | V51: =IFERROR(__xludf.DUMMYFUNCTION("GOOGLEFINANCE(C51,""eps"")"),0.25) -> 0.25 | W51: =IFERROR(__xludf.DUMMYFUNCTION("GOOGLEFINANCE(C51,""high52"")"),368.45) -> 368.45 | X51: =H51/W51 -> 0.66934455 | Y51: =IFERROR(__xludf.DUMMYFUNCTION("GOOGLEFINANCE(C51,""low52"")"),209.86) -> 209.86 | Z51: =H51/Y51 -> 1.1751644 | AA51: =IFERROR(__xludf.DUMMYFUNCTION("GOOGLEFINANCE(C51,""volumeavg"")"),5.2870907E7) -> 52870907 | AB51: =IFERROR(__xludf.DUMMYFUNCTION("GOOGLEFINANCE(C51,""volume"")"),4.2917304E7) -> 42917304 | AC51: Technology | AD51: Moving
A52: Total | I52: {=SUMPRODUCT((E2:E51={"Equity","ETF"})*I2:I51)} -> 337846.59 | J52: {=SUMPRODUCT((E2:E51={"Equity","ETF"})*(ISNUMBER(J2:J51))*IFERROR(J2:J51,0))} -> 367119.72 | K52: =J52-I52 -> 29273.13 | L52: =K52/I52 -> 0.08664622

Sheet Technical_Indicators
A1: Symbol | B1: StartDate | C1: EndDate | D1: Beta | E1: RSI | F1: SMA_50 | G1: EMA_12 | H1: MACD | I1: Bollinger_Upper | J1: Bollinger_Middle | K1: Bollinger_Lower | L1: ATR_14 | M1: Processed
A2: =Portfolio!C2 -> ADANIGREEN | B2: =TODAY()-1095 -> 44982 | C2: =Today() -> 46077 | D2: 1.3713 | E2: 27.18 | F2: 996.81 | G2: 879.29 | H2: -47.83 | I2: 1047.62 | J2: 936.04 | K2: 824.46 | L2: 17.37 | M2: 45713
A3: =Portfolio!C3 -> ADANIPOWER | B3: =TODAY()-1095 -> 44982 | C3: =Today() -> 46077 | D3: 1.2977 | E3: 35.3 | F3: 508.63 | G3: 484.62 | H3: -9.99 | I3: 520.75 | J3: 496.11 | K3: 471.47 | L3: 4.55 | M3: 45713
A4: =Portfolio!C4 -> AEROFLEX | B4: =TODAY()-1095 -> 44982 | C4: =Today() -> 46077 | D4: 1.1401 | E4: 39.3 | F4: 216.13 | G4: 200.72 | H4: -16.71 | I4: 271.01 | J4: 222.4 | K4: 173.79 | L4: 10.35 | M4: 45713
A5: =Portfolio!C5 -> ASHOKLEY | B5: =TODAY()-1095 -> 44982 | C5: =Today() -> 46077 | D5: 1.2102 | E5: 56.32 | F5: 215.93 | G5: 220.77 | H5: 5.12 | I5: 229.28 | J5: 214.64 | K5: 200.01 | L5: 3.82 | M5: 45713
A6: =Portfolio!C6 -> ASTRAMICRO | B6: =TODAY()-1095 -> 44982 | C6: =Today() -> 46077 | D6: 1.2169 | E6: 33.62 | F6: 733.37 | G6: 628.94 | H6: -35.27 | I6: 758.82 | J6: 670.7 | K6: 582.57 | L6: 15.64 | M6: 45713
A7: =Portfolio!C7 -> AXISCADES | B7: =TODAY()-1095 -> 44982 | C7: =Today() -> 46077 | D7: 1.1929 | E7: 48.74 | F7: 710.44 | G7: 725.99 | H7: 2 | I7: 788.76 | J7: 732.31 | K7: 675.85 | L7: 22.66 | M7: 45719
A8: =Portfolio!C8 -> NSE:BDL | B8: =TODAY()-1095 -> 44982 | C8: =Today() -> 46077 | D8: 1.0486 | E8: 32.78 | F8: 1164.44 | G8: 1027.64 | H8: -68.68 | I8: 1294.88 | J8: 1112.3 | K8: 929.71 | L8: 27.88 | M8: 45719
A9: =Portfolio!C9 -> NSE:BEL | B9: =TODAY()-1095 -> 44982 | C9: =Today() -> 46077 | D9: 1.2982 | E9: 37.83 | F9: 274.22 | G9: 253.06 | H9: -7.64 | I9: 292.54 | J9: 264.06 | K9: 235.57 | L9: 4.86 | M9: 45719
A10: =Portfolio!C10 -> BHARTIHEXA | B10: =TODAY()-1095 -> 44982 | C10: =Today() -> 46077 | D10: 1.1243 | E10: 45.04 | F10: 1385.37 | G10: 1312.81 | H10: -19.81 | I10: 1434.96 | J10: 1344.17 | K10: 1253.37 | L10: 27.54 | M10: 45719
A11: =Portfolio!C11 -> CGPOWER | B11: =TODAY()-1095 -> 44982 | C11: =Today() -> 46077 | D11: 0.8744 | E11: 41.17 | F11: 644.38 | G11: 584.67 | H11: -7.09 | I11: 631.87 | J11: 593.01 | K11: 554.15 | L11: 12.2 | M11: 45719
A12: =Portfolio!C12 -> COCHINSHIP | B12: =TODAY()-1095 -> 44982 | C12: =Today() -> 46077 | D12: 1.1641 | E12: 38.68 | F12: 1423.45 | G12: 1285.49 | H12: -40.19 | I12: 1481.87 | J12: 1331.46 | K12: 1181.06 | L12: 23.68 | M12: 45719
A13: =Portfolio!C13 -> CPSEETF | B13: =TODAY()-1095 -> 44982 | C13: =Today() -> 46077 | D13: 0.9369 | E13: 37.03 | F13: 82.87 | G13: 78.27 | H13: -1.43 | I13: 85.39 | J13: 80.08 | K13: 74.76 | L13: 1.11 | M13: 45719
... A18: =Portfolio!C18 -> HATHWAY | B18: =TODAY()-1095 -> 44982 | C18: =Today() -> 46077 | D18: 0.9858 | E18: 31.3 | F18: 15.06 | G18: 13.83 | H18: -0.38 | I18: 15.31 | J18: 14.28 | K18: 13.25 | L18: 0.26 | M18: 45719
A19: =Portfolio!C19 -> HBLENGINE | B19: =TODAY()-1095 -> 44982 | C19: =Today() -> 46077 | D19: 2.6384 | E19: 31.37 | F19: N/A | G19: 466.93 | H19: -29.91 | I19: 606.3 | J19: 509.02 | K19: 411.74 | L19: 17.88 | M19: 45719
A20: =Portfolio!C20 -> ICICIB22 | B20: =TODAY()-1095 -> 44982 | C20: =Today() -> 46077 | D20: 0.9775 | E20: 30.98 | F20: 102.87 | G20: 96.8 | H20: -1.66 | I20: 104.37 | J20: 98.9 | K20: 93.42 | L20: 0.87 | M20: 45719
A21: =Portfolio!C21 -> GOLDIETF | B21: =TODAY()-1095 -> 44982 | C21: =Today() -> 46077 | D21: 0.0722 | E21: 56.22 | F21: 70.19 | G21: 74.31 | H21: 0.66 | I21: 75.8 | J21: 73.85 | K21: 71.91 | L21: 0.49 | M21: 45719
A22: =Portfolio!C22 -> IDFCFIRSTB | B22: =TODAY()-1095 -> 44982 | C22: =Today() -> 46077 | D22: 1.1996 | E22: 39.41 | F22: 61.87 | G22: 59.8 | H22: -0.9 | I22: 64.61 | J22: 61.34 | K22: 58.08 | L22: 0.93 | M22: 45719
A23: =Portfolio!C23 -> IRCTC | B23: =TODAY()-1095 -> 44982 | C23: =Today() -> 46077 | D23: 1.2224 | E23: 28.31 | F23: 764.41 | G23: 712.29 | H23: -24.8 | I23: 817.39 | J23: 746.25 | K23: 675.11 | L23: 10.87 | M23: 45719
A24: =Portfolio!C24 -> IRFC | B24: =TODAY()-1095 -> 44982 | C24: =Today() -> 46077 | D24: 1.1458 | E24: 27.35 | F24: 137.72 | G24: 121.19 | H24: -5.77 | I24: 144.98 | J24: 127.95 | K24: 110.92 | L24: 2.51 | M24: 45719
A25: =Portfolio!C25 -> IRCON | B25: =TODAY()-1095 -> 44982 | C25: =Today() -> 46077 | D25: 1.3802 | E25: 27.37 | F25: 192.76 | G25: 153.54 | H25: -14.62 | I25: 212.49 | J25: 171.58 | K25: 130.67 | L25: 4.83 | M25: 45719
A26: =Portfolio!C26 -> INDOWIND | B26: =TODAY()-1095 -> 44982 | C26: =Today() -> 46077 | D26: 0.9568 | E26: 27.51 | F26: 22.24 | G26: 17.42 | H26: -1.89 | I26: 25.44 | J26: 19.98 | K26: 14.51 | L26: 0.71 | M26: 45719
A27: =Portfolio!C27 -> KPITTECH | B27: =TODAY()-1095 -> 44982 | C27: =Today() -> 46077 | D27: 0.9423 | E27: 28.09 | F27: 1377.62 | G27: 1285.84 | H27: -44.28 | I27: 1486.92 | J27: 1352.78 | K27: 1218.63 | L27: 23.28 | M27: 45719
A28: =Portfolio!C28 -> LTIM | B28: =TODAY()-1095 -> 44982 | C28: =Today() -> 46077 | D28: 0.89 | E28: 23.12 | F28: 5706.81 | G28: 5144.4 | H28: -293.58 | I28: 6296.64 | J28: 5534.38 | K28: 4772.12 | L28: 124.16 | M28: 45719
A29: =Portfolio!C29 -> LT | B29: =TODAY()-1095 -> 44982 | C29: =Today() -> 46077 | D29: 1.1838 | E29: 34.75 | F29: 3455.06 | G29: 3234.69 | H29: -53.97 | I29: 3473.09 | J29: 3294.68 | K29: 3116.27 | L29: 33.08 | M29: 45719
A30: =Portfolio!C30 -> IXIGO | B30: =TODAY()-1095 -> 44982 | C30: =Today() -> 46077 | D30: 1.092 | E30: 36.43 | F30: 151.81 | G30: 140.73 | H30: -2.95 | I30: 160.93 | J30: 146.51 | K30: 132.09 | L30: 3 | M30: 45719
A31: =Portfolio!C31 -> M&M | B31: =TODAY()-1095 -> 44982 | C31: =Today() -> 46077 | D31: 1.1493 | E31: 32.75 | F31: 2964.28 | G31: 2747.17 | H31: -121.69 | I31: 3321.12 | J31: 2934.36 | K31: 2547.6 | L31: 71.03 | M31: 45719
... A42: =Portfolio!C42 -> TMPV | B42: =TODAY()-1095 -> 44982 | C42: =Today() -> 46077 | D42: 1.2228 | E42: 26.68 | F42: 725.84 | G42: 663.03 | H42: -18.47 | I42: 729.71 | J42: 684.11 | K42: 638.51 | L42: 9.2 | M42: 45719
A43: NSE:TMCV | B43: 45970 | C43: =Today() -> 46077
A44: =Portfolio!C44 -> TATAPOWER | B44: =TODAY()-1095 -> 44982 | C44: =Today() -> 46077 | D44: 1.3305 | E44: 37.96 | F44: 366.36 | G44: 347 | H44: -3.74 | I44: 371.78 | J44: 352.44 | K44: 333.09 | L44: 4.96 | M44: 45719
A45: =Portfolio!C45 -> TATASTEEL | B45: =TODAY()-1095 -> 44982 | C45: =Today() -> 46077 | D45: 1.3028 | E45: 53.7 | F45: 133.94 | G45: 137.19 | H45: 1.88 | I45: 140.52 | J45: 135.31 | K45: 130.1 | L45: 2.11 | M45: 45719
A46: =Portfolio!C46 -> TATATECH | B46: =TODAY()-1095 -> 44982 | C46: =Today() -> 46077 | D46: 0.6358 | E46: 23.14 | F46: 804.92 | G46: 720.81 | H46: -19.74 | I46: 804.06 | J46: 746.1 | K46: 688.14 | L46: 11.35 | M46: 45719
A47: =Portfolio!C47 -> NSE:TCS | B47: =TODAY()-1095 -> 44982 | C47: =Today() -> 46077 | D47: 0.8347 | E47: 16.22 | F47: 4041.69 | G47: 3704.97 | H47: -145.59 | I47: 4251.18 | J47: 3890.76 | K47: 3530.33 | L47: 44.56 | M47: 45719
A48: =Portfolio!C48 -> TEXRAIL | B48: =TODAY()-1095 -> 44982 | C48: =Today() -> 46077 | D48: 1.3536 | E48: 28.76 | F48: 176.05 | G48: 139.71 | H48: -10.32 | I48: 180.46 | J48: 150.97 | K48: 121.48 | L48: 3.96 | M48: 45719
A49: =Portfolio!C49 -> WAAREEENER | B49: =TODAY()-1095 -> 44982 | C49: =Today() -> 46077 | D49: 1.1613 | E49: 40.37 | F49: 2477.05 | G49: 2214.14 | H49: -17.42 | I49: 2410.38 | J49: 2250.73 | K49: 2091.07 | L49: 49.7 | M49: 45719
A50: =Portfolio!C50 -> WIPRO | B50: =TODAY()-1095 -> 44982 | C50: =Today() -> 46077 | D50: 1.0984 | E50: 29.7 | F50: 304.35 | G50: 298.42 | H50: -6.99 | I50: 329.11 | J50: 308.18 | K50: 287.24 | L50: 4.74 | M50: 45719
A51: =Portfolio!C51 -> ETERNAL | B51: =TODAY()-1095 -> 44982 | C51: =Today() -> 46077 | D51: 1.1935 | E51: 45.16 | F51: 239.82 | G51: 225.45 | H51: 0.9 | I51: 240.08 | J51: 225.91 | K51: 211.73 | L51: 4.79 | M51: 45719

Sheet Watchlist
A1: Scrip Name | B1: Scrip Code | C1: Symbol | D1: ISIN | E1: 250 | F1: Price | G1: Change | H1: Change Pct | I1: 5 | J1: 10 | K1: 5 | L1: 10 | M1: Market Cap | N1: PE | O1: Segement
A2: ADANI GREEN ENERGY LTD | B2: 541450 | C2: ADANIGREEN | D2: INE364U01010 | E2: =IFERROR(__xludf.DUMMYFUNCTION("SPARKLINE(INDEX(GOOGLEFINANCE(C2,""price"",workday(today(),-$E$1),today()),,2),{""charttype"",""column"";""color"",""green""})"),"") | F2: =IFERROR(__xludf.DUMMYFUNCTION("GOOGLEFINANCE(C2,""price"")"),961.4) -> 961.4 | G2: =IFERROR(__xludf.DUMMYFUNCTION("GOOGLEFINANCE(C2,""change"")"),-8.95) -> -8.95 | H2: =IFERROR(__xludf.DUMMYFUNCTION("GOOGLEFINANCE(C2,""changepct"")/100"),-0.0092) -> -0.0092 | I2: =IFERROR(__xludf.DUMMYFUNCTION("INDEX(GOOGLEFINANCE(C2,""price"",workday(today(),-I$1)),2,2)"),1016.8) -> 1016.8 | J2: =IFERROR(__xludf.DUMMYFUNCTION("INDEX(GOOGLEFINANCE($C2,""price"",workday(today(),-J$1)),2,2)"),978.3) -> 978.3 | K2: =IFERROR(__xludf.DUMMYFUNCTION("$F2/(INDEX(GOOGLEFINANCE($C2,""price"",workday(today(),-K$1)),2,2))-1"),-0.05448465774980327) -> -0.054484658 | L2: =IFERROR(__xludf.DUMMYFUNCTION("$F2/(INDEX(GOOGLEFINANCE($C2,""price"",workday(today(),-L$1)),2,2))-1"),-0.017274864560973047) -> -0.017274865 | M2: =IFERROR(__xludf.DUMMYFUNCTION("GOOGLEFINANCE(C2,""marketcap"")"),1.583594085214E12) -> 1583594085214 | N2: =IFERROR(__xludf.DUMMYFUNCTION("IFERROR(GOOGLEFINANCE(C2,""PE""),""-"")"),111.62) -> 111.62 | O2: Green Energy
A3: ADANI POWER | B3: 533096 | C3: ADANIPOWER | D3: INE814H01011 | E3: =IFERROR(__xludf.DUMMYFUNCTION("SPARKLINE(INDEX(GOOGLEFINANCE(C3,""price"",workday(today(),-$E$1),today()),,2),{""charttype"",""column"";""color"",""green""})"),"") | F3: =IFERROR(__xludf.DUMMYFUNCTION("GOOGLEFINANCE(C3,""price"")"),142.75) -> 142.75 | G3: =IFERROR(__xludf.DUMMYFUNCTION("GOOGLEFINANCE(C3,""change"")"),-1.3) -> -1.3 | H3: =IFERROR(__xludf.DUMMYFUNCTION("GOOGLEFINANCE(C3,""changepct"")/100"),-0.009000000000000001) -> -0.009 | I3: =IFERROR(__xludf.DUMMYFUNCTION("INDEX(GOOGLEFINANCE(C3,""price"",workday(today(),-I$1)),2,2)"),144.35) -> 144.35 | J3: =IFERROR(__xludf.DUMMYFUNCTION("INDEX(GOOGLEFINANCE($C3,""price"",workday(today(),-J$1)),2,2)"),149.05) -> 149.05 | K3: =IFERROR(__xludf.DUMMYFUNCTION("$F3/(INDEX(GOOGLEFINANCE($C3,""price"",workday(today(),-K$1)),2,2))-1"),-0.011084170419120132) -> -0.01108417 | L3: =IFERROR(__xludf.DUMMYFUNCTION("$F3/(INDEX(GOOGLEFINANCE($C3,""price"",workday(today(),-L$1)),2,2))-1"),-0.04226769540422681) -> -0.042267695 | M3: =IFERROR(__xludf.DUMMYFUNCTION("GOOGLEFINANCE(C3,""marketcap"")"),2.752503721306E12) -> 2752503721306 | N3: =IFERROR(__xludf.DUMMYFUNCTION("IFERROR(GOOGLEFINANCE(C3,""PE""),""-"")"),23.42) -> 23.42 | O3: Green Energy
A4: AEROFLEX INDUSTRIES LTD | B4: 543972 | C4: AEROFLEX | D4: INE024001021 | E4: =IFERROR(__xludf.DUMMYFUNCTION("SPARKLINE(INDEX(GOOGLEFINANCE(C4,""price"",workday(today(),-$E$1),today()),,2),{""charttype"",""column"";""color"",""green""})"),"") | F4: =IFERROR(__xludf.DUMMYFUNCTION("GOOGLEFINANCE(C4,""price"")"),215.3) -> 215.3 | G4: =IFERROR(__xludf.DUMMYFUNCTION("GOOGLEFINANCE(C4,""change"")"),-4.93) -> -4.93 | H4: =IFERROR(__xludf.DUMMYFUNCTION("GOOGLEFINANCE(C4,""changepct"")/100"),-0.022400000000000003) -> -0.0224 | I4: =IFERROR(__xludf.DUMMYFUNCTION("INDEX(GOOGLEFINANCE(C4,""price"",workday(today(),-I$1)),2,2)"),206.69) -> 206.69 | J4: =IFERROR(__xludf.DUMMYFUNCTION("INDEX(GOOGLEFINANCE($C4,""price"",workday(today(),-J$1)),2,2)"),194.86) -> 194.86 | K4: =IFERROR(__xludf.DUMMYFUNCTION("$F4/(INDEX(GOOGLEFINANCE($C4,""price"",workday(today(),-K$1)),2,2))-1"),0.04165658715951426) -> 0.041656587 | L4: =IFERROR(__xludf.DUMMYFUNCTION("$F4/(INDEX(GOOGLEFINANCE($C4,""price"",workday(today(),-L$1)),2,2))-1"),0.10489582264189679) -> 0.10489582 | M4: =IFERROR(__xludf.DUMMYFUNCTION("GOOGLEFINANCE(C4,""marketcap"")"),2.8494769873E10) -> 28494769873 | N4: =IFERROR(__xludf.DUMMYFUNCTION("IFERROR(GOOGLEFINANCE(C4,""PE""),""-"")"),56.68) -> 56.68 | O4: Defence
A5: ASHOK LEYLND | B5: 500477 | C5: ASHOKLEY | D5: INE208A01029 | E5: =IFERROR(__xludf.DUMMYFUNCTION("SPARKLINE(INDEX(GOOGLEFINANCE(C5,""price"",workday(today(),-$E$1),today()),,2),{""charttype"",""column"";""color"",""green""})"),"") | F5: =IFERROR(__xludf.DUMMYFUNCTION("GOOGLEFINANCE(C5,""price"")"),209.78) -> 209.78 | G5: =IFERROR(__xludf.DUMMYFUNCTION("GOOGLEFINANCE(C5,""change"")"),-0.98) -> -0.98 | H5: =IFERROR(__xludf.DUMMYFUNCTION("GOOGLEFINANCE(C5,""changepct"")/100"),-0.0046) -> -0.0046 | I5: =IFERROR(__xludf.DUMMYFUNCTION("INDEX(GOOGLEFINANCE(C5,""price"",workday(today(),-I$1)),2,2)"),207.68) -> 207.68 | J5: =IFERROR(__xludf.DUMMYFUNCTION("INDEX(GOOGLEFINANCE($C5,""price"",workday(today(),-J$1)),2,2)"),209.73) -> 209.73 | K5: =IFERROR(__xludf.DUMMYFUNCTION("$F5/(INDEX(GOOGLEFINANCE($C5,""price"",workday(today(),-K$1)),2,2))-1"),0.010111710323574608) -> 0.01011171 | L5: =IFERROR(__xludf.DUMMYFUNCTION("$F5/(INDEX(GOOGLEFINANCE($C5,""price"",workday(today(),-L$1)),2,2))-1"),2.3840175463707425E-4) -> 0.00023840175 | M5: =IFERROR(__xludf.DUMMYFUNCTION("GOOGLEFINANCE(C5,""marketcap"")"),1.232628717451E12) -> 1232628717451 | N5: =IFERROR(__xludf.DUMMYFUNCTION("IFERROR(GOOGLEFINANCE(C5,""PE""),""-"")"),37.28) -> 37.28 | O5: EV
A6: ASTRA MICRO | B6: 532493 | C6: ASTRAMICRO | D6: INE386C01029 | E6: =IFERROR(__xludf.DUMMYFUNCTION("SPARKLINE(INDEX(GOOGLEFINANCE(C6,""price"",workday(today(),-$E$1),today()),,2),{""charttype"",""column"";""color"",""green""})"),"") | F6: =IFERROR(__xludf.DUMMYFUNCTION("GOOGLEFINANCE(C6,""price"")"),917.5) -> 917.5 | G6: =IFERROR(__xludf.DUMMYFUNCTION("GOOGLEFINANCE(C6,""change"")"),-3.35) -> -3.35 | H6: =IFERROR(__xludf.DUMMYFUNCTION("GOOGLEFINANCE(C6,""changepct"")/100"),-0.0036) -> -0.0036 | I6: =IFERROR(__xludf.DUMMYFUNCTION("INDEX(GOOGLEFINANCE(C6,""price"",workday(today(),-I$1)),2,2)"),918.25) -> 918.25 | J6: =IFERROR(__xludf.DUMMYFUNCTION("INDEX(GOOGLEFINANCE($C6,""price"",workday(today(),-J$1)),2,2)"),915.2) -> 915.2 | K6: =IFERROR(__xludf.DUMMYFUNCTION("$F6/(INDEX(GOOGLEFINANCE($C6,""price"",workday(today(),-K$1)),2,2))-1"),-8.167710318540689E-4) -> -0.00081677103 | L6: =IFERROR(__xludf.DUMMYFUNCTION("$F6/(INDEX(GOOGLEFINANCE($C6,""price"",workday(today(),-L$1)),2,2))-1"),0.002513111888111874) -> 0.0025131119 | M6: =IFERROR(__xludf.DUMMYFUNCTION("GOOGLEFINANCE(C6,""marketcap"")"),8.7036091825E10) -> 87036091825 | N6: =IFERROR(__xludf.DUMMYFUNCTION("IFERROR(GOOGLEFINANCE(C6,""PE""),""-"")"),54.34) -> 54.34 | O6: Defence
A7: AXIT IT LTD | B7: 532395 | C7: AXISCADES | D7: INE555B01013 | E7: =IFERROR(__xludf.DUMMYFUNCTION("SPARKLINE(INDEX(GOOGLEFINANCE(C7,""price"",workday(today(),-$E$1),today()),,2),{""charttype"",""column"";""color"",""green""})"),"") | F7: =IFERROR(__xludf.DUMMYFUNCTION("GOOGLEFINANCE(C7,""price"")"),1472.4) -> 1472.4 | G7: =IFERROR(__xludf.DUMMYFUNCTION("GOOGLEFINANCE(C7,""change"")"),68.0) -> 68 | H7: =IFERROR(__xludf.DUMMYFUNCTION("GOOGLEFINANCE(C7,""changepct"")/100"),0.0484) -> 0.0484 | I7: =IFERROR(__xludf.DUMMYFUNCTION("INDEX(GOOGLEFINANCE(C7,""price"",workday(today(),-I$1)),2,2)"),1403.2) -> 1403.2 | J7: =IFERROR(__xludf.DUMMYFUNCTION("INDEX(GOOGLEFINANCE($C7,""price"",workday(today(),-J$1)),2,2)"),1238.5) -> 1238.5 | K7: =IFERROR(__xludf.DUMMYFUNCTION("$F7/(INDEX(GOOGLEFINANCE($C7,""price"",workday(today(),-K$1)),2,2))-1"),0.04931584948688705) -> 0.049315849 | L7: =IFERROR(__xludf.DUMMYFUNCTION("$F7/(INDEX(GOOGLEFINANCE($C7,""price"",workday(today(),-L$1)),2,2))-1"),0.18885748889786047) -> 0.18885749 | M7: =IFERROR(__xludf.DUMMYFUNCTION("GOOGLEFINANCE(C7,""marketcap"")"),6.2696142255E10) -> 62696142255 | N7: =IFERROR(__xludf.DUMMYFUNCTION("IFERROR(GOOGLEFINANCE(C7,""PE""),""-"")"),63.71) -> 63.71 | O7: Defence
A8: Bharat Dynamics Limited | B8: 541143 | C8: NSE:BDL | D8: INE171Z01026 | E8: =IFERROR(__xludf.DUMMYFUNCTION("SPARKLINE(INDEX(GOOGLEFINANCE(C8,""price"",workday(today(),-$E$1),today()),,2),{""charttype"",""column"";""color"",""green""})"),"") | F8: =IFERROR(__xludf.DUMMYFUNCTION("GOOGLEFINANCE(C8,""price"")"),1245.0) -> 1245 | G8: =IFERROR(__xludf.DUMMYFUNCTION("GOOGLEFINANCE(C8,""change"")"),-30.6) -> -30.6 | H8: =IFERROR(__xludf.DUMMYFUNCTION("GOOGLEFINANCE(C8,""changepct"")/100"),-0.024) -> -0.024 | I8: =IFERROR(__xludf.DUMMYFUNCTION("INDEX(GOOGLEFINANCE(C8,""price"",workday(today(),-I$1)),2,2)"),1261.9) -> 1261.9 | J8: =IFERROR(__xludf.DUMMYFUNCTION("INDEX(GOOGLEFINANCE($C8,""price"",workday(today(),-J$1)),2,2)"),1300.0) -> 1300 | K8: =IFERROR(__xludf.DUMMYFUNCTION("$F8/(INDEX(GOOGLEFINANCE($C8,""price"",workday(today(),-K$1)),2,2))-1"),-0.013392503367937292) -> -0.013392503 | L8: =IFERROR(__xludf.DUMMYFUNCTION("$F8/(INDEX(GOOGLEFINANCE($C8,""price"",workday(today(),-L$1)),2,2))-1"),-0.04230769230769227) -> -0.042307692 | M8: =IFERROR(__xludf.DUMMYFUNCTION("GOOGLEFINANCE(C8,""marketcap"")"),4.56626888351E11) -> 456626888351 | N8: =IFERROR(__xludf.DUMMYFUNCTION("IFERROR(GOOGLEFINANCE(C8,""PE""),""-"")"),78.65) -> 78.65 | O8: Defence
A9: BHARAT ELECT | B9: 500049 | C9: NSE:BEL | D9: INE263A01024 | E9: =IFERROR(__xludf.DUMMYFUNCTION("SPARKLINE(INDEX(GOOGLEFINANCE(C9,""price"",workday(today(),-$E$1),today()),,2),{""charttype"",""column"";""color"",""green""})"),"") | F9: =IFERROR(__xludf.DUMMYFUNCTION("GOOGLEFINANCE(C9,""price"")"),431.15) -> 431.15 | G9: =IFERROR(__xludf.DUMMYFUNCTION("GOOGLEFINANCE(C9,""change"")"),-8.6) -> -8.6 | H9: =IFERROR(__xludf.DUMMYFUNCTION("GOOGLEFINANCE(C9,""changepct"")/100"),-0.0196) -> -0.0196 | I9: =IFERROR(__xludf.DUMMYFUNCTION("INDEX(GOOGLEFINANCE(C9,""price"",workday(today(),-I$1)),2,2)"),446.85) -> 446.85 | J9: =IFERROR(__xludf.DUMMYFUNCTION("INDEX(GOOGLEFINANCE($C9,""price"",workday(today(),-J$1)),2,2)"),437.3) -> 437.3 | K9: =IFERROR(__xludf.DUMMYFUNCTION("$F9/(INDEX(GOOGLEFINANCE($C9,""price"",workday(today(),-K$1)),2,2))-1"),-0.0351348327179144) -> -0.035134833 | L9: =IFERROR(__xludf.DUMMYFUNCTION("$F9/(INDEX(GOOGLEFINANCE($C9,""price"",workday(today(),-L$1)),2,2))-1"),-0.014063571918591422) -> -0.014063572 | M9: =IFERROR(__xludf.DUMMYFUNCTION("GOOGLEFINANCE(C9,""marketcap"")"),3.15197636283E12) -> 3151976362830 | N9: =IFERROR(__xludf.DUMMYFUNCTION("IFERROR(GOOGLEFINANCE(C9,""PE""),""-"")"),52.84) -> 52.84 | O9: Defence
A10: Bharti Hexacom Limited | B10: 544162 | C10: BHARTIHEXA | D10: INE343G01021 | E10: =IFERROR(__xludf.DUMMYFUNCTION("SPARKLINE(INDEX(GOOGLEFINANCE(C10,""price"",workday(today(),-$E$1),today()),,2),{""charttype"",""column"";""color"",""green""})"),"") | F10: =IFERROR(__xludf.DUMMYFUNCTION("GOOGLEFINANCE(C10,""price"")"),1662.6) -> 1662.6 | G10: =IFERROR(__xludf.DUMMYFUNCTION("GOOGLEFINANCE(C10,""change"")"),-35.2) -> -35.2 | H10: =IFERROR(__xludf.DUMMYFUNCTION("GOOGLEFINANCE(C10,""changepct"")/100"),-0.0207) -> -0.0207 | I10: =IFERROR(__xludf.DUMMYFUNCTION("INDEX(GOOGLEFINANCE(C10,""price"",workday(today(),-I$1)),2,2)"),1694.5) -> 1694.5 | J10: =IFERROR(__xludf.DUMMYFUNCTION("INDEX(GOOGLEFINANCE($C10,""price"",workday(today(),-J$1)),2,2)"),1684.0) -> 1684 | K10: =IFERROR(__xludf.DUMMYFUNCTION("$F10/(INDEX(GOOGLEFINANCE($C10,""price"",workday(today(),-K$1)),2,2))-1"),-0.018825612275007453) -> -0.018825612 | L10: =IFERROR(__xludf.DUMMYFUNCTION("$F10/(INDEX(GOOGLEFINANCE($C10,""price"",workday(today(),-L$1)),2,2))-1"),-0.012707838479810052) -> -0.012707838 | M10: =IFERROR(__xludf.DUMMYFUNCTION("GOOGLEFINANCE(C10,""marketcap"")"),8.32099809165E11) -> 832099809165 | N10: =IFERROR(__xludf.DUMMYFUNCTION("IFERROR(GOOGLEFINANCE(C10,""PE""),""-"")"),47.46) -> 47.46 | O10: Technology
A11: CG POWER | B11: 500093 | C11: CGPOWER | D11: INE067A01029 | E11: =IFERROR(__xludf.DUMMYFUNCTION("SPARKLINE(INDEX(GOOGLEFINANCE(C11,""price"",workday(today(),-$E$1),today()),,2),{""charttype"",""column"";""color"",""green""})"),"") | F11: =IFERROR(__xludf.DUMMYFUNCTION("GOOGLEFINANCE(C11,""price"")"),715.7) -> 715.7 | G11: =IFERROR(__xludf.DUMMYFUNCTION("GOOGLEFINANCE(C11,""change"")"),-4.8) -> -4.8 | H11: =IFERROR(__xludf.DUMMYFUNCTION("GOOGLEFINANCE(C11,""changepct"")/100"),-0.0067) -> -0.0067 | I11: =IFERROR(__xludf.DUMMYFUNCTION("INDEX(GOOGLEFINANCE(C11,""price"",workday(today(),-I$1)),2,2)"),690.5) -> 690.5 | J11: =IFERROR(__xludf.DUMMYFUNCTION("INDEX(GOOGLEFINANCE($C11,""price"",workday(today(),-J$1)),2,2)"),681.55) -> 681.55 | K11: =IFERROR(__xludf.DUMMYFUNCTION("$F11/(INDEX(GOOGLEFINANCE($C11,""price"",workday(today(),-K$1)),2,2))-1"),0.03649529326574963) -> 0.036495293 | L11: =IFERROR(__xludf.DUMMYFUNCTION("$F11/(INDEX(GOOGLEFINANCE($C11,""price"",workday(today(),-L$1)),2,2))-1"),0.05010637517423544) -> 0.050106375 | M11: =IFERROR(__xludf.DUMMYFUNCTION("GOOGLEFINANCE(C11,""marketcap"")"),1.127629832E12) -> 1127629832000 | N11: =IFERROR(__xludf.DUMMYFUNCTION("IFERROR(GOOGLEFINANCE(C11,""PE""),""-"")"),99.75) -> 99.75 | O11: Technology
A12: Cochin Shipyard Limited | B12: 540678 | C12: COCHINSHIP | D12: INE704P01025 | E12: =IFERROR(__xludf.DUMMYFUNCTION("SPARKLINE(INDEX(GOOGLEFINANCE(C12,""price"",workday(today(),-$E$1),today()),,2),{""charttype"",""column"";""color"",""green""})"),"") | F12: =IFERROR(__xludf.DUMMYFUNCTION("GOOGLEFINANCE(C12,""price"")"),1486.0) -> 1486 | G12: =IFERROR(__xludf.DUMMYFUNCTION("GOOGLEFINANCE(C12,""change"")"),-15.8) -> -15.8 | H12: =IFERROR(__xludf.DUMMYFUNCTION("GOOGLEFINANCE(C12,""changepct"")/100"),-0.0105) -> -0.0105 | I12: =IFERROR(__xludf.DUMMYFUNCTION("INDEX(GOOGLEFINANCE(C12,""price"",workday(today(),-I$1)),2,2)"),1525.6) -> 1525.6 | J12: =IFERROR(__xludf.DUMMYFUNCTION("INDEX(GOOGLEFINANCE($C12,""price"",workday(today(),-J$1)),2,2)"),1528.6) -> 1528.6 | K12: =IFERROR(__xludf.DUMMYFUNCTION("$F12/(INDEX(GOOGLEFINANCE($C12,""price"",workday(today(),-K$1)),2,2))-1"),-0.025957000524383766) -> -0.025957001 | L12: =IFERROR(__xludf.DUMMYFUNCTION("$F12/(INDEX(GOOGLEFINANCE($C12,""price"",workday(today(),-L$1)),2,2))-1"),-0.02786863796938366) -> -0.027868638 | M12: =IFERROR(__xludf.DUMMYFUNCTION("GOOGLEFINANCE(C12,""marketcap"")"),3.90990523494E11) -> 390990523494 | N12: =IFERROR(__xludf.DUMMYFUNCTION("IFERROR(GOOGLEFINANCE(C12,""PE""),""-"")"),53.74) -> 53.74 | O12: Defence
A13: DREDG CORP I | B13: 523618 | C13: DREDGECORP | D13: INE506A01018 | E13: =IFERROR(__xludf.DUMMYFUNCTION("SPARKLINE(INDEX(GOOGLEFINANCE(C13,""price"",workday(today(),-$E$1),today()),,2),{""charttype"",""column"";""color"",""green""})"),"") | F13: =IFERROR(__xludf.DUMMYFUNCTION("GOOGLEFINANCE(C13,""price"")"),913.8) -> 913.8 | G13: =IFERROR(__xludf.DUMMYFUNCTION("GOOGLEFINANCE(C13,""change"")"),-19.4) -> -19.4 | H13: =IFERROR(__xludf.DUMMYFUNCTION("GOOGLEFINANCE(C13,""changepct"")/100"),-0.0208) -> -0.0208 | I13: =IFERROR(__xludf.DUMMYFUNCTION("INDEX(GOOGLEFINANCE(C13,""price"",workday(today(),-I$1)),2,2)"),989.4) -> 989.4 | J13: =IFERROR(__xludf.DUMMYFUNCTION("INDEX(GOOGLEFINANCE($C13,""price"",workday(today(),-J$1)),2,2)"),1024.2) -> 1024.2 | K13: =IFERROR(__xludf.DUMMYFUNCTION("$F13/(INDEX(GOOGLEFINANCE($C13,""price"",workday(today(),-K$1)),2,2))-1"),-0.07640994542146762) -> -0.076409945 | L13: =IFERROR(__xludf.DUMMYFUNCTION("$F13/(INDEX(GOOGLEFINANCE($C13,""price"",workday(today(),-L$1)),2,2))-1"),-0.10779144698301124) -> -0.10779145 | M13: =IFERROR(__xludf.DUMMYFUNCTION("GOOGLEFINANCE(C13,""marketcap"")"),2.5569600341E10) -> 25569600341 | N13: =IFERROR(__xludf.DUMMYFUNCTION("IFERROR(GOOGLEFINANCE(C13,""PE""),""-"")"),"-") -> - | O13: Others
A14: GARDEN REACH SHIP&ENG LTD | B14: 542011 | C14: GRSE | D14: INE382Z01011 | E14: =IFERROR(__xludf.DUMMYFUNCTION("SPARKLINE(INDEX(GOOGLEFINANCE(C14,""price"",workday(today(),-$E$1),today()),,2),{""charttype"",""column"";""color"",""green""})"),"") | F14: =IFERROR(__xludf.DUMMYFUNCTION("GOOGLEFINANCE(C14,""price"")"),2399.6) -> 2399.6 | G14: =IFERROR(__xludf.DUMMYFUNCTION("GOOGLEFINANCE(C14,""change"")"),-46.5) -> -46.5 | H14: =IFERROR(__xludf.DUMMYFUNCTION("GOOGLEFINANCE(C14,""changepct"")/100"),-0.019) -> -0.019 | I14: =IFERROR(__xludf.DUMMYFUNCTION("INDEX(GOOGLEFINANCE(C14,""price"",workday(today(),-I$1)),2,2)"),2437.0) -> 2437 | J14: =IFERROR(__xludf.DUMMYFUNCTION("INDEX(GOOGLEFINANCE($C14,""price"",workday(today(),-J$1)),2,2)"),2515.4) -> 2515.4 | K14: =IFERROR(__xludf.DUMMYFUNCTION("$F14/(INDEX(GOOGLEFINANCE($C14,""price"",workday(today(),-K$1)),2,2))-1"),-0.015346737792367726) -> -0.015346738 | L14: =IFERROR(__xludf.DUMMYFUNCTION("$F14/(INDEX(GOOGLEFINANCE($C14,""price"",workday(today(),-L$1)),2,2))-1"),-0.046036415679414855) -> -0.046036416 | M14: =IFERROR(__xludf.DUMMYFUNCTION("GOOGLEFINANCE(C14,""marketcap"")"),2.74706401565E11) -> 274706401565 | N14: =IFERROR(__xludf.DUMMYFUNCTION("IFERROR(GOOGLEFINANCE(C14,""PE""),""-"")"),39.87) -> 39.87 | O14: Defence
A15: GREENPOWER | B15: 533263 | C15: GREENPOWER | D15: INE999K01014 | E15: =IFERROR(__xludf.DUMMYFUNCTION("SPARKLINE(INDEX(GOOGLEFINANCE(C15,""price"",workday(today(),-$E$1),today()),,2),{""charttype"",""column"";""color"",""green""})"),"") | F15: =IFERROR(__xludf.DUMMYFUNCTION("GOOGLEFINANCE(C15,""price"")"),9.77) -> 9.77 | G15: =IFERROR(__xludf.DUMMYFUNCTION("GOOGLEFINANCE(C15,""change"")"),-0.16) -> -0.16 | H15: =IFERROR(__xludf.DUMMYFUNCTION("GOOGLEFINANCE(C15,""changepct"")/100"),-0.0161) -> -0.0161 | I15: =IFERROR(__xludf.DUMMYFUNCTION("INDEX(GOOGLEFINANCE(C15,""price"",workday(today(),-I$1)),2,2)"),10.1) -> 10.1 | J15: =IFERROR(__xludf.DUMMYFUNCTION("INDEX(GOOGLEFINANCE($C15,""price"",workday(today(),-J$1)),2,2)"),10.68) -> 10.68 | K15: =IFERROR(__xludf.DUMMYFUNCTION("$F15/(INDEX(GOOGLEFINANCE($C15,""price"",workday(today(),-K$1)),2,2))-1"),-0.0326732673267327) -> -0.032673267 | L15: =IFERROR(__xludf.DUMMYFUNCTION("$F15/(INDEX(GOOGLEFINANCE($C15,""price"",workday(today(),-L$1)),2,2))-1"),-0.08520599250936334) -> -0.085205993 | M15: =IFERROR(__xludf.DUMMYFUNCTION("GOOGLEFINANCE(C15,""marketcap"")"),1.1472242866E10) -> 11472242866 | N15: =IFERROR(__xludf.DUMMYFUNCTION("IFERROR(GOOGLEFINANCE(C15,""PE""),""-"")"),16.79) -> 16.79 | O15: Green Energy
A16: HAL | B16: 541154 | C16: NSE:HAL | D16: INE066F01020 | E16: =IFERROR(__xludf.DUMMYFUNCTION("SPARKLINE(INDEX(GOOGLEFINANCE(C16,""price"",workday(today(),-$E$1),today()),,2),{""charttype"",""column"";""color"",""green""})"),"") | F16: =IFERROR(__xludf.DUMMYFUNCTION("GOOGLEFINANCE(C16,""price"")"),3957.1) -> 3957.1 | G16: =IFERROR(__xludf.DUMMYFUNCTION("GOOGLEFINANCE(C16,""change"")"),-68.3) -> -68.3 | H16: =IFERROR(__xludf.DUMMYFUNCTION("GOOGLEFINANCE(C16,""changepct"")/100"),-0.017) -> -0.017 | I16: =IFERROR(__xludf.DUMMYFUNCTION("INDEX(GOOGLEFINANCE(C16,""price"",workday(today(),-I$1)),2,2)"),4247.6) -> 4247.6 | J16: =IFERROR(__xludf.DUMMYFUNCTION("INDEX(GOOGLEFINANCE($C16,""price"",workday(today(),-J$1)),2,2)"),4168.3) -> 4168.3 | K16: =IFERROR(__xludf.DUMMYFUNCTION("$F16/(INDEX(GOOGLEFINANCE($C16,""price"",workday(today(),-K$1)),2,2))-1"),-0.06839156229400145) -> -0.068391562 | L16: =IFERROR(__xludf.DUMMYFUNCTION("$F16/(INDEX(GOOGLEFINANCE($C16,""price"",workday(today(),-L$1)),2,2))-1"),-0.05066813808986881) -> -0.050668138 | M16: =IFERROR(__xludf.DUMMYFUNCTION("GOOGLEFINANCE(C16,""marketcap"")"),2.646342675E12) -> 2646342675000 | N16: =IFERROR(__xludf.DUMMYFUNCTION("IFERROR(GOOGLEFINANCE(C16,""PE""),""-"")"),29.77) -> 29.77 | O16: Defence
A17: HBL P SYS | B17: 517271 | C17: HBLPOWER | D17: INE292B01021 | E17: =IFERROR(__xludf.DUMMYFUNCTION("SPARKLINE(INDEX(GOOGLEFINANCE(C17,""price"",workday(today(),-$E$1),today()),,2),{""charttype"",""column"";""color"",""green""})"),"#N/A") -> #N/A | F17: =IFERROR(__xludf.DUMMYFUNCTION("GOOGLEFINANCE(C17,""price"")"),"#N/A") -> #N/A | G17: =IFERROR(__xludf.DUMMYFUNCTION("GOOGLEFINANCE(C17,""change"")"),"#N/A") -> #N/A | H17: =IFERROR(__xludf.DUMMYFUNCTION("GOOGLEFINANCE(C17,""changepct"")/100"),"#N/A") -> #N/A | I17: =IFERROR(__xludf.DUMMYFUNCTION("INDEX(GOOGLEFINANCE(C17,""price"",workday(today(),-I$1)),2,2)"),"#N/A") -> #N/A | J17: =IFERROR(__xludf.DUMMYFUNCTION("INDEX(GOOGLEFINANCE($C17,""price"",workday(today(),-J$1)),2,2)"),"#N/A") -> #N/A | K17: =IFERROR(__xludf.DUMMYFUNCTION("$F17/(INDEX(GOOGLEFINANCE($C17,""price"",workday(today(),-K$1)),2,2))-1"),"#N/A") -> #N/A | L17: =IFERROR(__xludf.DUMMYFUNCTION("$F17/(INDEX(GOOGLEFINANCE($C17,""price"",workday(today(),-L$1)),2,2))-1"),"#N/A") -> #N/A | M17: =IFERROR(__xludf.DUMMYFUNCTION("GOOGLEFINANCE(C17,""marketcap"")"),"#N/A") -> #N/A | N17: =IFERROR(__xludf.DUMMYFUNCTION("IFERROR(GOOGLEFINANCE(C17,""PE""),""-"")"),"-") -> - | O17: Others
A18: IDFC FIRST BANK LTD. | B18: 539437 | C18: IDFCFIRSTB | D18: INE092T01019 | E18: =IFERROR(__xludf.DUMMYFUNCTION("SPARKLINE(INDEX(GOOGLEFINANCE(C18,""price"",workday(today(),-$E$1),today()),,2),{""charttype"",""column"";""color"",""green""})"),"") | F18: =IFERROR(__xludf.DUMMYFUNCTION("GOOGLEFINANCE(C18,""price"")"),68.73) -> 68.73 | G18: =IFERROR(__xludf.DUMMYFUNCTION("GOOGLEFINANCE(C18,""change"")"),-1.31) -> -1.31 | H18: =IFERROR(__xludf.DUMMYFUNCTION("GOOGLEFINANCE(C18,""changepct"")/100"),-0.0187) -> -0.0187 | I18: =IFERROR(__xludf.DUMMYFUNCTION("INDEX(GOOGLEFINANCE(C18,""price"",workday(today(),-I$1)),2,2)"),83.35) -> 83.35 | J18: =IFERROR(__xludf.DUMMYFUNCTION("INDEX(GOOGLEFINANCE($C18,""price"",workday(today(),-J$1)),2,2)"),83.77) -> 83.77 | K18: =IFERROR(__xludf.DUMMYFUNCTION("$F18/(INDEX(GOOGLEFINANCE($C18,""price"",workday(today(),-K$1)),2,2))-1"),-0.1754049190161967) -> -0.17540492 | L18: =IFERROR(__xludf.DUMMYFUNCTION("$F18/(INDEX(GOOGLEFINANCE($C18,""price"",workday(today(),-L$1)),2,2))-1"),-0.17953921451593635) -> -0.17953921 | M18: =IFERROR(__xludf.DUMMYFUNCTION("GOOGLEFINANCE(C18,""marketcap"")"),5.03565401602E11) -> 503565401602 | N18: =IFERROR(__xludf.DUMMYFUNCTION("IFERROR(GOOGLEFINANCE(C18,""PE""),""-"")"),33.45) -> 33.45 | O18: Technology
A19: Indian Railway Catering and To | B19: 542830 | C19: IRCTC | D19: INE335Y01020 | E19: =IFERROR(__xludf.DUMMYFUNCTION("SPARKLINE(INDEX(GOOGLEFINANCE(C19,""price"",workday(today(),-$E$1),today()),,2),{""charttype"",""column"";""color"",""green""})"),"") | F19: =IFERROR(__xludf.DUMMYFUNCTION("GOOGLEFINANCE(C19,""price"")"),630.15) -> 630.15 | G19: =IFERROR(__xludf.DUMMYFUNCTION("GOOGLEFINANCE(C19,""change"")"),-9.3) -> -9.3 | H19: =IFERROR(__xludf.DUMMYFUNCTION("GOOGLEFINANCE(C19,""changepct"")/100"),-0.014499999999999999) -> -0.0145 | I19: =IFERROR(__xludf.DUMMYFUNCTION("INDEX(GOOGLEFINANCE(C19,""price"",workday(today(),-I$1)),2,2)"),617.55) -> 617.55 | J19: =IFERROR(__xludf.DUMMYFUNCTION("INDEX(GOOGLEFINANCE($C19,""price"",workday(today(),-J$1)),2,2)"),636.2) -> 636.2 | K19: =IFERROR(__xludf.DUMMYFUNCTION("$F19/(INDEX(GOOGLEFINANCE($C19,""price"",workday(today(),-K$1)),2,2))-1"),0.020403206218120085) -> 0.020403206 | L19: =IFERROR(__xludf.DUMMYFUNCTION("$F19/(INDEX(GOOGLEFINANCE($C19,""price"",workday(today(),-L$1)),2,2))-1"),-0.00950958817981773) -> -0.0095095882 | M19: =IFERROR(__xludf.DUMMYFUNCTION("GOOGLEFINANCE(C19,""marketcap"")"),5.04119956516E11) -> 504119956516 | N19: =IFERROR(__xludf.DUMMYFUNCTION("IFERROR(GOOGLEFINANCE(C19,""PE""),""-"")"),35.37) -> 35.37 | O19: PSU
A20: Indian Railway Finance | B20: 543257 | C20: IRFC | D20: INE053F01010 | E20: =IFERROR(__xludf.DUMMYFUNCTION("SPARKLINE(INDEX(GOOGLEFINANCE(C20,""price"",workday(today(),-$E$1),today()),,2),{""charttype"",""column"";""color"",""green""})"),"") | F20: =IFERROR(__xludf.DUMMYFUNCTION("GOOGLEFINANCE(C20,""price"")"),110.06) -> 110.06 | G20: =IFERROR(__xludf.DUMMYFUNCTION("GOOGLEFINANCE(C20,""change"")"),-1.83) -> -1.83 | H20: =IFERROR(__xludf.DUMMYFUNCTION("GOOGLEFINANCE(C20,""changepct"")/100"),-0.016399999999999998) -> -0.0164 | I20: =IFERROR(__xludf.DUMMYFUNCTION("INDEX(GOOGLEFINANCE(C20,""price"",workday(today(),-I$1)),2,2)"),112.99) -> 112.99 | J20: =IFERROR(__xludf.DUMMYFUNCTION("INDEX(GOOGLEFINANCE($C20,""price"",workday(today(),-J$1)),2,2)"),115.46) -> 115.46 | K20: =IFERROR(__xludf.DUMMYFUNCTION("$F20/(INDEX(GOOGLEFINANCE($C20,""price"",workday(today(),-K$1)),2,2))-1"),-0.025931498362686933) -> -0.025931498 | L20: =IFERROR(__xludf.DUMMYFUNCTION("$F20/(INDEX(GOOGLEFINANCE($C20,""price"",workday(today(),-L$1)),2,2))-1"),-0.0467694439632772) -> -0.046769444 | M20: =IFERROR(__xludf.DUMMYFUNCTION("GOOGLEFINANCE(C20,""marketcap"")"),1.438189565381E12) -> 1438189565381 | N20: =IFERROR(__xludf.DUMMYFUNCTION("IFERROR(GOOGLEFINANCE(C20,""PE""),""-"")"),20.51) -> 20.51 | O20: PSU
A21: IRCON International Ltd | B21: 541956 | C21: IRCON | D21: INE962Y01021 | E21: =IFERROR(__xludf.DUMMYFUNCTION("SPARKLINE(INDEX(GOOGLEFINANCE(C21,""price"",workday(today(),-$E$1),today()),,2),{""charttype"",""column"";""color"",""green""})"),"") | F21: =IFERROR(__xludf.DUMMYFUNCTION("GOOGLEFINANCE(C21,""price"")"),147.31) -> 147.31 | G21: =IFERROR(__xludf.DUMMYFUNCTION("GOOGLEFINANCE(C21,""change"")"),-2.28) -> -2.28 | H21: =IFERROR(__xludf.DUMMYFUNCTION("GOOGLEFINANCE(C21,""changepct"")/100"),-0.0152) -> -0.0152 | I21: =IFERROR(__xludf.DUMMYFUNCTION("INDEX(GOOGLEFINANCE(C21,""price"",workday(today(),-I$1)),2,2)"),152.15) -> 152.15 | J21: =IFERROR(__xludf.DUMMYFUNCTION("INDEX(GOOGLEFINANCE($C21,""price"",workday(today(),-J$1)),2,2)"),159.67) -> 159.67 | K21: =IFERROR(__xludf.DUMMYFUNCTION("$F21/(INDEX(GOOGLEFINANCE($C21,""price"",workday(today(),-K$1)),2,2))-1"),-0.03181071311206052) -> -0.031810713 | L21: =IFERROR(__xludf.DUMMYFUNCTION("$F21/(INDEX(GOOGLEFINANCE($C21,""price"",workday(today(),-L$1)),2,2))-1"),-0.07740965741842543) -> -0.077409657 | M21: =IFERROR(__xludf.DUMMYFUNCTION("GOOGLEFINANCE(C21,""marketcap"")"),1.38613223196E11) -> 138613223196 | N21: =IFERROR(__xludf.DUMMYFUNCTION("IFERROR(GOOGLEFINANCE(C21,""PE""),""-"")"),22.54) -> 22.54 | O21: PSU
A22: IWIND ENERGY | B22: 532894 | C22: INDOWIND | D22: INE227G01018 | E22: =IFERROR(__xludf.DUMMYFUNCTION("SPARKLINE(INDEX(GOOGLEFINANCE(C22,""price"",workday(today(),-$E$1),today()),,2),{""charttype"",""column"";""color"",""green""})"),"") | F22: =IFERROR(__xludf.DUMMYFUNCTION("GOOGLEFINANCE(C22,""price"")"),9.71) -> 9.71 | G22: =IFERROR(__xludf.DUMMYFUNCTION("GOOGLEFINANCE(C22,""change"")"),-0.22) -> -0.22 | H22: =IFERROR(__xludf.DUMMYFUNCTION("GOOGLEFINANCE(C22,""changepct"")/100"),-0.0222) -> -0.0222 | I22: =IFERROR(__xludf.DUMMYFUNCTION("INDEX(GOOGLEFINANCE(C22,""price"",workday(today(),-I$1)),2,2)"),10.67) -> 10.67 | J22: =IFERROR(__xludf.DUMMYFUNCTION("INDEX(GOOGLEFINANCE($C22,""price"",workday(today(),-J$1)),2,2)"),11.5) -> 11.5 | K22: =IFERROR(__xludf.DUMMYFUNCTION("$F22/(INDEX(GOOGLEFINANCE($C22,""price"",workday(today(),-K$1)),2,2))-1"),-0.08997188378631671) -> -0.089971884 | L22: =IFERROR(__xludf.DUMMYFUNCTION("$F22/(INDEX(GOOGLEFINANCE($C22,""price"",workday(today(),-L$1)),2,2))-1"),-0.15565217391304342) -> -0.15565217 | M22: =IFERROR(__xludf.DUMMYFUNCTION("GOOGLEFINANCE(C22,""marketcap"")"),1.563330397E9) -> 1563330397 | N22: =IFERROR(__xludf.DUMMYFUNCTION("IFERROR(GOOGLEFINANCE(C22,""PE""),""-"")"),41.36) -> 41.36 | O22: Green Energy
A23: KPIT Technologies Ltd | B23: 542651 | C23: KPITTECH | D23: INE04I401011 | E23: =IFERROR(__xludf.DUMMYFUNCTION("SPARKLINE(INDEX(GOOGLEFINANCE(C23,""price"",workday(today(),-$E$1),today()),,2),{""charttype"",""column"";""color"",""green""})"),"") | F23: =IFERROR(__xludf.DUMMYFUNCTION("GOOGLEFINANCE(C23,""price"")"),772.9) -> 772.9 | G23: =IFERROR(__xludf.DUMMYFUNCTION("GOOGLEFINANCE(C23,""change"")"),-39.8) -> -39.8 | H23: =IFERROR(__xludf.DUMMYFUNCTION("GOOGLEFINANCE(C23,""changepct"")/100"),-0.049) -> -0.049 | I23: =IFERROR(__xludf.DUMMYFUNCTION("INDEX(GOOGLEFINANCE(C23,""price"",workday(today(),-I$1)),2,2)"),879.3) -> 879.3 | J23: =IFERROR(__xludf.DUMMYFUNCTION("INDEX(GOOGLEFINANCE($C23,""price"",workday(today(),-J$1)),2,2)"),973.6) -> 973.6 | K23: =IFERROR(__xludf.DUMMYFUNCTION("$F23/(INDEX(GOOGLEFINANCE($C23,""price"",workday(today(),-K$1)),2,2))-1"),-0.12100534516092343) -> -0.12100535 | L23: =IFERROR(__xludf.DUMMYFUNCTION("$F23/(INDEX(GOOGLEFINANCE($C23,""price"",workday(today(),-L$1)),2,2))-1"),-0.20614215283483983) -> -0.20614215 | M23: =IFERROR(__xludf.DUMMYFUNCTION("GOOGLEFINANCE(C23,""marketcap"")"),2.100508458E11) -> 210050845800 | N23: =IFERROR(__xludf.DUMMYFUNCTION("IFERROR(GOOGLEFINANCE(C23,""PE""),""-"")"),29.43) -> 29.43 | O23: Technology
A24: L&T INFOTECH LTD. | B24: 540005 | C24: LTIM | D24: INE214T01019 | E24: =IFERROR(__xludf.DUMMYFUNCTION("SPARKLINE(INDEX(GOOGLEFINANCE(C24,""price"",workday(today(),-$E$1),today()),,2),{""charttype"",""column"";""color"",""green""})"),"") | F24: =IFERROR(__xludf.DUMMYFUNCTION("GOOGLEFINANCE(C24,""price"")"),4530.5) -> 4530.5 | G24: =IFERROR(__xludf.DUMMYFUNCTION("GOOGLEFINANCE(C24,""change"")"),-301.0) -> -301 | H24: =IFERROR(__xludf.DUMMYFUNCTION("GOOGLEFINANCE(C24,""changepct"")/100"),-0.0623) -> -0.0623 | I24: =IFERROR(__xludf.DUMMYFUNCTION("INDEX(GOOGLEFINANCE(C24,""price"",workday(today(),-I$1)),2,2)"),5164.5) -> 5164.5 | J24: =IFERROR(__xludf.DUMMYFUNCTION("INDEX(GOOGLEFINANCE($C24,""price"",workday(today(),-J$1)),2,2)"),5662.0) -> 5662 | K24: =IFERROR(__xludf.DUMMYFUNCTION("$F24/(INDEX(GOOGLEFINANCE($C24,""price"",workday(today(),-K$1)),2,2))-1"),-0.12276115790492792) -> -0.12276116 | L24: =IFERROR(__xludf.DUMMYFUNCTION("$F24/(INDEX(GOOGLEFINANCE($C24,""price"",workday(today(),-L$1)),2,2))-1"),-0.1998410455669375) -> -0.19984105 | M24: =IFERROR(__xludf.DUMMYFUNCTION("GOOGLEFINANCE(C24,""marketcap"")"),1.449271E12) -> 1449271000000 | N24: =IFERROR(__xludf.DUMMYFUNCTION("IFERROR(GOOGLEFINANCE(C24,""PE""),""-"")"),34.69) -> 34.69 | O24: Technology
A25: LARSEN & TOUBRO LTD. | B25: 500510 | C25: LT | D25: INE018A01030 | E25: =IFERROR(__xludf.DUMMYFUNCTION("SPARKLINE(INDEX(GOOGLEFINANCE(C25,""price"",workday(today(),-$E$1),today()),,2),{""charttype"",""column"";""color"",""green""})"),"") | F25: =IFERROR(__xludf.DUMMYFUNCTION("GOOGLEFINANCE(C25,""price"")"),4276.0) -> 4276 | G25: =IFERROR(__xludf.DUMMYFUNCTION("GOOGLEFINANCE(C25,""change"")"),-142.1) -> -142.1 | H25: =IFERROR(__xludf.DUMMYFUNCTION("GOOGLEFINANCE(C25,""changepct"")/100"),-0.0322) -> -0.0322 | I25: =IFERROR(__xludf.DUMMYFUNCTION("INDEX(GOOGLEFINANCE(C25,""price"",workday(today(),-I$1)),2,2)"),4279.8) -> 4279.8 | J25: =IFERROR(__xludf.DUMMYFUNCTION("INDEX(GOOGLEFINANCE($C25,""price"",workday(today(),-J$1)),2,2)"),4169.0) -> 4169 | K25: =IFERROR(__xludf.DUMMYFUNCTION("$F25/(INDEX(GOOGLEFINANCE($C25,""price"",workday(today(),-K$1)),2,2))-1"),-8.878919575681099E-4) -> -0.00088789196 | L25: =IFERROR(__xludf.DUMMYFUNCTION("$F25/(INDEX(GOOGLEFINANCE($C25,""price"",workday(today(),-L$1)),2,2))-1"),0.025665627248740774) -> 0.025665627 | M25: =IFERROR(__xludf.DUMMYFUNCTION("GOOGLEFINANCE(C25,""marketcap"")"),5.885689358937E12) -> 5885689358937 | N25: =IFERROR(__xludf.DUMMYFUNCTION("IFERROR(GOOGLEFINANCE(C25,""PE""),""-"")"),36.16) -> 36.16 | O25: Defence
A26: LE TRAVENUES TECHNOLOGY L | B26: 544192 | C26: IXIGO | D26: INE0HV901016 | E26: =IFERROR(__xludf.DUMMYFUNCTION("SPARKLINE(INDEX(GOOGLEFINANCE(C26,""price"",workday(today(),-$E$1),today()),,2),{""charttype"",""column"";""color"",""green""})"),"") | F26: =IFERROR(__xludf.DUMMYFUNCTION("GOOGLEFINANCE(C26,""price"")"),165.41) -> 165.41 | G26: =IFERROR(__xludf.DUMMYFUNCTION("GOOGLEFINANCE(C26,""change"")"),-13.84) -> -13.84 | H26: =IFERROR(__xludf.DUMMYFUNCTION("GOOGLEFINANCE(C26,""changepct"")/100"),-0.07719999999999999) -> -0.0772 | I26: =IFERROR(__xludf.DUMMYFUNCTION("INDEX(GOOGLEFINANCE(C26,""price"",workday(today(),-I$1)),2,2)"),189.07) -> 189.07 | J26: =IFERROR(__xludf.DUMMYFUNCTION("INDEX(GOOGLEFINANCE($C26,""price"",workday(today(),-J$1)),2,2)"),217.87) -> 217.87 | K26: =IFERROR(__xludf.DUMMYFUNCTION("$F26/(INDEX(GOOGLEFINANCE($C26,""price"",workday(today(),-K$1)),2,2))-1"),-0.12513883746760457) -> -0.12513884 | L26: =IFERROR(__xludf.DUMMYFUNCTION("$F26/(INDEX(GOOGLEFINANCE($C26,""price"",workday(today(),-L$1)),2,2))-1"),-0.2407857896911002) -> -0.24078579 | M26: =IFERROR(__xludf.DUMMYFUNCTION("GOOGLEFINANCE(C26,""marketcap"")"),7.2654127778E10) -> 72654127778 | N26: =IFERROR(__xludf.DUMMYFUNCTION("IFERROR(GOOGLEFINANCE(C26,""PE""),""-"")"),117.61) -> 117.61 | O26: Technology
A27: MAHINDRA & MAHINDRA LTD. | B27: 500520 | C27: M&M | D27: INE101A01026 | E27: =IFERROR(__xludf.DUMMYFUNCTION("SPARKLINE(INDEX(GOOGLEFINANCE(C27,""price"",workday(today(),-$E$1),today()),,2),{""charttype"",""column"";""color"",""green""})"),"") | F27: =IFERROR(__xludf.DUMMYFUNCTION("GOOGLEFINANCE(C27,""price"")"),3421.0) -> 3421 | G27: =IFERROR(__xludf.DUMMYFUNCTION("GOOGLEFINANCE(C27,""change"")"),-26.1) -> -26.1 | H27: =IFERROR(__xludf.DUMMYFUNCTION("GOOGLEFINANCE(C27,""changepct"")/100"),-0.0076) -> -0.0076 | I27: =IFERROR(__xludf.DUMMYFUNCTION("INDEX(GOOGLEFINANCE(C27,""price"",workday(today(),-I$1)),2,2)"),3489.2) -> 3489.2 | J27: =IFERROR(__xludf.DUMMYFUNCTION("INDEX(GOOGLEFINANCE($C27,""price"",workday(today(),-J$1)),2,2)"),3675.8) -> 3675.8 | K27: =IFERROR(__xludf.DUMMYFUNCTION("$F27/(INDEX(GOOGLEFINANCE($C27,""price"",workday(today(),-K$1)),2,2))-1"),-0.01954602774274905) -> -0.019546028 | L27: =IFERROR(__xludf.DUMMYFUNCTION("$F27/(INDEX(GOOGLEFINANCE($C27,""price"",workday(today(),-L$1)),2,2))-1"),-0.06931824364764139) -> -0.069318244 | M27: =IFERROR(__xludf.DUMMYFUNCTION("GOOGLEFINANCE(C27,""marketcap"")"),4.108135348433E12) -> 4108135348433 | N27: =IFERROR(__xludf.DUMMYFUNCTION("IFERROR(GOOGLEFINANCE(C27,""PE""),""-"")"),24.43) -> 24.43 | O27: EV
A28: NHPC | B28: 533098 | C28: NHPC | D28: INE848E01016 | E28: =IFERROR(__xludf.DUMMYFUNCTION("SPARKLINE(INDEX(GOOGLEFINANCE(C28,""price"",workday(today(),-$E$1),today()),,2),{""charttype"",""column"";""color"",""green""})"),"") | F28: =IFERROR(__xludf.DUMMYFUNCTION("GOOGLEFINANCE(C28,""price"")"),74.72) -> 74.72 | G28: =IFERROR(__xludf.DUMMYFUNCTION("GOOGLEFINANCE(C28,""change"")"),0.64) -> 0.64 | H28: =IFERROR(__xludf.DUMMYFUNCTION("GOOGLEFINANCE(C28,""changepct"")/100"),0.0086) -> 0.0086 | I28: =IFERROR(__xludf.DUMMYFUNCTION("INDEX(GOOGLEFINANCE(C28,""price"",workday(today(),-I$1)),2,2)"),76.71) -> 76.71 | J28: =IFERROR(__xludf.DUMMYFUNCTION("INDEX(GOOGLEFINANCE($C28,""price"",workday(today(),-J$1)),2,2)"),76.95) -> 76.95 | K28: =IFERROR(__xludf.DUMMYFUNCTION("$F28/(INDEX(GOOGLEFINANCE($C28,""price"",workday(today(),-K$1)),2,2))-1"),-0.025941858949289465) -> -0.025941859 | L28: =IFERROR(__xludf.DUMMYFUNCTION("$F28/(INDEX(GOOGLEFINANCE($C28,""price"",workday(today(),-L$1)),2,2))-1"),-0.028979857050032587) -> -0.028979857 | M28: =IFERROR(__xludf.DUMMYFUNCTION("GOOGLEFINANCE(C28,""marketcap"")"),7.51368274654E11) -> 751368274654 | N28: =IFERROR(__xludf.DUMMYFUNCTION("IFERROR(GOOGLEFINANCE(C28,""PE""),""-"")"),23.76) -> 23.76 | O28: Green Energy
A29: NTPC GREEN ENERGY LIMITED | B29: 544289 | C29: NTPCGREEN | D29: INE0ONG01011 | E29: =IFERROR(__xludf.DUMMYFUNCTION("SPARKLINE(INDEX(GOOGLEFINANCE(C29,""price"",workday(today(),-$E$1),today()),,2),{""charttype"",""column"";""color"",""green""})"),"") | F29: =IFERROR(__xludf.DUMMYFUNCTION("GOOGLEFINANCE(C29,""price"")"),89.71) -> 89.71 | G29: =IFERROR(__xludf.DUMMYFUNCTION("GOOGLEFINANCE(C29,""change"")"),-0.63) -> -0.63 | H29: =IFERROR(__xludf.DUMMYFUNCTION("GOOGLEFINANCE(C29,""changepct"")/100"),-0.006999999999999999) -> -0.007 | I29: =IFERROR(__xludf.DUMMYFUNCTION("INDEX(GOOGLEFINANCE(C29,""price"",workday(today(),-I$1)),2,2)"),89.91) -> 89.91 | J29: =IFERROR(__xludf.DUMMYFUNCTION("INDEX(GOOGLEFINANCE($C29,""price"",workday(today(),-J$1)),2,2)"),89.47) -> 89.47 | K29: =IFERROR(__xludf.DUMMYFUNCTION("$F29/(INDEX(GOOGLEFINANCE($C29,""price"",workday(today(),-K$1)),2,2))-1"),-0.0022244466688911) -> -0.0022244467 | L29: =IFERROR(__xludf.DUMMYFUNCTION("$F29/(INDEX(GOOGLEFINANCE($C29,""price"",workday(today(),-L$1)),2,2))-1"),0.0026824633955515598) -> 0.0026824634 | M29: =IFERROR(__xludf.DUMMYFUNCTION("GOOGLEFINANCE(C29,""marketcap"")"),7.55925966875E11) -> 755925966875 | N29: =IFERROR(__xludf.DUMMYFUNCTION("IFERROR(GOOGLEFINANCE(C29,""PE""),""-"")"),137.39) -> 137.39 | O29: Green Energy
A30: OLECTRA GREENTECH LTD | B30: 532439 | C30: OLECTRA | D30: INE260D01016 | E30: =IFERROR(__xludf.DUMMYFUNCTION("SPARKLINE(INDEX(GOOGLEFINANCE(C30,""price"",workday(today(),-$E$1),today()),,2),{""charttype"",""column"";""color"",""green""})"),"") | F30: =IFERROR(__xludf.DUMMYFUNCTION("GOOGLEFINANCE(C30,""price"")"),1016.1) -> 1016.1 | G30: =IFERROR(__xludf.DUMMYFUNCTION("GOOGLEFINANCE(C30,""change"")"),-25.1) -> -25.1 | H30: =IFERROR(__xludf.DUMMYFUNCTION("GOOGLEFINANCE(C30,""changepct"")/100"),-0.0241) -> -0.0241 | I30: =IFERROR(__xludf.DUMMYFUNCTION("INDEX(GOOGLEFINANCE(C30,""price"",workday(today(),-I$1)),2,2)"),1026.3) -> 1026.3 | J30: =IFERROR(__xludf.DUMMYFUNCTION("INDEX(GOOGLEFINANCE($C30,""price"",workday(today(),-J$1)),2,2)"),1061.2) -> 1061.2 | K30: =IFERROR(__xludf.DUMMYFUNCTION("$F30/(INDEX(GOOGLEFINANCE($C30,""price"",workday(today(),-K$1)),2,2))-1"),-0.009938614440222038) -> -0.0099386144 | L30: =IFERROR(__xludf.DUMMYFUNCTION("$F30/(INDEX(GOOGLEFINANCE($C30,""price"",workday(today(),-L$1)),2,2))-1"),-0.04249905767056161) -> -0.042499058 | M30: =IFERROR(__xludf.DUMMYFUNCTION("GOOGLEFINANCE(C30,""marketcap"")"),8.347610241E10) -> 83476102410 | N30: =IFERROR(__xludf.DUMMYFUNCTION("IFERROR(GOOGLEFINANCE(C30,""PE""),""-"")"),58.33) -> 58.33 | O30: EV
A31: PREMIER ENERGIES LIMITED | B31: 544238 | C31: PREMIERENE | D31: INE0BS701011 | E31: =IFERROR(__xludf.DUMMYFUNCTION("SPARKLINE(INDEX(GOOGLEFINANCE(C31,""price"",workday(today(),-$E$1),today()),,2),{""charttype"",""column"";""color"",""green""})"),"") | F31: =IFERROR(__xludf.DUMMYFUNCTION("GOOGLEFINANCE(C31,""price"")"),764.45) -> 764.45 | G31: =IFERROR(__xludf.DUMMYFUNCTION("GOOGLEFINANCE(C31,""change"")"),-11.8) -> -11.8 | H31: =IFERROR(__xludf.DUMMYFUNCTION("GOOGLEFINANCE(C31,""changepct"")/100"),-0.0152) -> -0.0152 | I31: =IFERROR(__xludf.DUMMYFUNCTION("INDEX(GOOGLEFINANCE(C31,""price"",workday(today(),-I$1)),2,2)"),759.3) -> 759.3 | J31: =IFERROR(__xludf.DUMMYFUNCTION("INDEX(GOOGLEFINANCE($C31,""price"",workday(today(),-J$1)),2,2)"),823.85) -> 823.85 | K31: =IFERROR(__xludf.DUMMYFUNCTION("$F31/(INDEX(GOOGLEFINANCE($C31,""price"",workday(today(),-K$1)),2,2))-1"),0.006782562886869625) -> 0.0067825629 | L31: =IFERROR(__xludf.DUMMYFUNCTION("$F31/(INDEX(GOOGLEFINANCE($C31,""price"",workday(today(),-L$1)),2,2))-1"),-0.07210050373247556) -> -0.072100504 | M31: =IFERROR(__xludf.DUMMYFUNCTION("GOOGLEFINANCE(C31,""marketcap"")"),3.43452568354E11) -> 343452568354 | N31: =IFERROR(__xludf.DUMMYFUNCTION("IFERROR(GOOGLEFINANCE(C31,""PE""),""-"")"),27.1) -> 27.1 | O31: Green Energy
A32: RailTel Corporation of India L | B32: 543265 | C32: RAILTEL | D32: INE0DD101019 | E32: =IFERROR(__xludf.DUMMYFUNCTION("SPARKLINE(INDEX(GOOGLEFINANCE(C32,""price"",workday(today(),-$E$1),today()),,2),{""charttype"",""column"";""color"",""green""})"),"") | F32: =IFERROR(__xludf.DUMMYFUNCTION("GOOGLEFINANCE(C32,""price"")"),323.0) -> 323 | G32: =IFERROR(__xludf.DUMMYFUNCTION("GOOGLEFINANCE(C32,""change"")"),-7.6) -> -7.6 | H32: =IFERROR(__xludf.DUMMYFUNCTION("GOOGLEFINANCE(C32,""changepct"")/100"),-0.023) -> -0.023 | I32: =IFERROR(__xludf.DUMMYFUNCTION("INDEX(GOOGLEFINANCE(C32,""price"",workday(today(),-I$1)),2,2)"),329.5) -> 329.5 | J32: =IFERROR(__xludf.DUMMYFUNCTION("INDEX(GOOGLEFINANCE($C32,""price"",workday(today(),-J$1)),2,2)"),346.85) -> 346.85 | K32: =IFERROR(__xludf.DUMMYFUNCTION("$F32/(INDEX(GOOGLEFINANCE($C32,""price"",workday(today(),-K$1)),2,2))-1"),-0.019726858877086473) -> -0.019726859 | L32: =IFERROR(__xludf.DUMMYFUNCTION("$F32/(INDEX(GOOGLEFINANCE($C32,""price"",workday(today(),-L$1)),2,2))-1"),-0.06876171255585994) -> -0.068761713 | M32: =IFERROR(__xludf.DUMMYFUNCTION("GOOGLEFINANCE(C32,""marketcap"")"),1.03598911602E11) -> 103598911602 | N32: =IFERROR(__xludf.DUMMYFUNCTION("IFERROR(GOOGLEFINANCE(C32,""PE""),""-"")"),32.61) -> 32.61 | O32: Technology
A33: RVNL | B33: 542649 | C33: RVNL | D33: INE415G01027 | E33: =IFERROR(__xludf.DUMMYFUNCTION("SPARKLINE(INDEX(GOOGLEFINANCE(C33,""price"",workday(today(),-$E$1),today()),,2),{""charttype"",""column"";""color"",""green""})"),"") | F33: =IFERROR(__xludf.DUMMYFUNCTION("GOOGLEFINANCE(C33,""price"")"),29.52) -> 29.52 | G33: =IFERROR(__xludf.DUMMYFUNCTION("GOOGLEFINANCE(C33,""change"")"),-1.47) -> -1.47 | H33: =IFERROR(__xludf.DUMMYFUNCTION("GOOGLEFINANCE(C33,""changepct"")/100"),-0.047400000000000005) -> -0.0474 | I33: =IFERROR(__xludf.DUMMYFUNCTION("INDEX(GOOGLEFINANCE(C33,""price"",workday(today(),-I$1)),2,2)"),35.79) -> 35.79 | J33: =IFERROR(__xludf.DUMMYFUNCTION("INDEX(GOOGLEFINANCE($C33,""price"",workday(today(),-J$1)),2,2)"),31.39) -> 31.39 | K33: =IFERROR(__xludf.DUMMYFUNCTION("$F33/(INDEX(GOOGLEFINANCE($C33,""price"",workday(today(),-K$1)),2,2))-1"),-0.1751886001676446) -> -0.1751886 | L33: =IFERROR(__xludf.DUMMYFUNCTION("$F33/(INDEX(GOOGLEFINANCE($C33,""price"",workday(today(),-L$1)),2,2))-1"),-0.05957311245619623) -> -0.059573112 | M33: =IFERROR(__xludf.DUMMYFUNCTION("GOOGLEFINANCE(C33,""marketcap"")"),"#N/A") -> #N/A | N33: =IFERROR(__xludf.DUMMYFUNCTION("IFERROR(GOOGLEFINANCE(C33,""PE""),""-"")"),"-") -> - | O33: PSU
A34: SJVN | B34: 533206 | C34: SJVN | D34: INE002L01015 | E34: =IFERROR(__xludf.DUMMYFUNCTION("SPARKLINE(INDEX(GOOGLEFINANCE(C34,""price"",workday(today(),-$E$1),today()),,2),{""charttype"",""column"";""color"",""green""})"),"") | F34: =IFERROR(__xludf.DUMMYFUNCTION("GOOGLEFINANCE(C34,""price"")"),73.62) -> 73.62 | G34: =IFERROR(__xludf.DUMMYFUNCTION("GOOGLEFINANCE(C34,""change"")"),-0.31) -> -0.31 | H34: =IFERROR(__xludf.DUMMYFUNCTION("GOOGLEFINANCE(C34,""changepct"")/100"),-0.0042) -> -0.0042 | I34: =IFERROR(__xludf.DUMMYFUNCTION("INDEX(GOOGLEFINANCE(C34,""price"",workday(today(),-I$1)),2,2)"),77.55) -> 77.55 | J34: =IFERROR(__xludf.DUMMYFUNCTION("INDEX(GOOGLEFINANCE($C34,""price"",workday(today(),-J$1)),2,2)"),72.8) -> 72.8 | K34: =IFERROR(__xludf.DUMMYFUNCTION("$F34/(INDEX(GOOGLEFINANCE($C34,""price"",workday(today(),-K$1)),2,2))-1"),-0.05067698259187614) -> -0.050676983 | L34: =IFERROR(__xludf.DUMMYFUNCTION("$F34/(INDEX(GOOGLEFINANCE($C34,""price"",workday(today(),-L$1)),2,2))-1"),0.011263736263736446) -> 0.011263736 | M34: =IFERROR(__xludf.DUMMYFUNCTION("GOOGLEFINANCE(C34,""marketcap"")"),2.89429407746E11) -> 289429407746 | N34: =IFERROR(__xludf.DUMMYFUNCTION("IFERROR(GOOGLEFINANCE(C34,""PE""),""-"")"),45.36) -> 45.36 | O34: Green Energy
A35: TATA ELXSI | B35: 500408 | C35: TATAELXSI | D35: INE670A01012 | E35: =IFERROR(__xludf.DUMMYFUNCTION("SPARKLINE(INDEX(GOOGLEFINANCE(C35,""price"",workday(today(),-$E$1),today()),,2),{""charttype"",""column"";""color"",""green""})"),"") | F35: =IFERROR(__xludf.DUMMYFUNCTION("GOOGLEFINANCE(C35,""price"")"),4466.0) -> 4466 | G35: =IFERROR(__xludf.DUMMYFUNCTION("GOOGLEFINANCE(C35,""change"")"),-248.0) -> -248 | H35: =IFERROR(__xludf.DUMMYFUNCTION("GOOGLEFINANCE(C35,""changepct"")/100"),-0.0526) -> -0.0526 | I35: =IFERROR(__xludf.DUMMYFUNCTION("INDEX(GOOGLEFINANCE(C35,""price"",workday(today(),-I$1)),2,2)"),4919.0) -> 4919 | J35: =IFERROR(__xludf.DUMMYFUNCTION("INDEX(GOOGLEFINANCE($C35,""price"",workday(today(),-J$1)),2,2)"),5381.0) -> 5381 | K35: =IFERROR(__xludf.DUMMYFUNCTION("$F35/(INDEX(GOOGLEFINANCE($C35,""price"",workday(today(),-K$1)),2,2))-1"),-0.09209188859524298) -> -0.092091889 | L35: =IFERROR(__xludf.DUMMYFUNCTION("$F35/(INDEX(GOOGLEFINANCE($C35,""price"",workday(today(),-L$1)),2,2))-1"),-0.17004274298457533) -> -0.17004274 | M35: =IFERROR(__xludf.DUMMYFUNCTION("GOOGLEFINANCE(C35,""marketcap"")"),2.7822497787E11) -> 278224977870 | N35: =IFERROR(__xludf.DUMMYFUNCTION("IFERROR(GOOGLEFINANCE(C35,""PE""),""-"")"),47.89) -> 47.89 | O35: Technology
A36: TATA MOTORS | B36: 500570 | C36: TATAMOTORS | D36: INE155A01022 | E36: =IFERROR(__xludf.DUMMYFUNCTION("SPARKLINE(INDEX(GOOGLEFINANCE(C36,""price"",workday(today(),-$E$1),today()),,2),{""charttype"",""column"";""color"",""green""})"),"#N/A") -> #N/A | F36: =IFERROR(__xludf.DUMMYFUNCTION("GOOGLEFINANCE(C36,""price"")"),"#N/A") -> #N/A | G36: =IFERROR(__xludf.DUMMYFUNCTION("GOOGLEFINANCE(C36,""change"")"),"#N/A") -> #N/A | H36: =IFERROR(__xludf.DUMMYFUNCTION("GOOGLEFINANCE(C36,""changepct"")/100"),"#N/A") -> #N/A | I36: =IFERROR(__xludf.DUMMYFUNCTION("INDEX(GOOGLEFINANCE(C36,""price"",workday(today(),-I$1)),2,2)"),"#N/A") -> #N/A | J36: =IFERROR(__xludf.DUMMYFUNCTION("INDEX(GOOGLEFINANCE($C36,""price"",workday(today(),-J$1)),2,2)"),"#N/A") -> #N/A | K36: =IFERROR(__xludf.DUMMYFUNCTION("$F36/(INDEX(GOOGLEFINANCE($C36,""price"",workday(today(),-K$1)),2,2))-1"),"#N/A") -> #N/A | L36: =IFERROR(__xludf.DUMMYFUNCTION("$F36/(INDEX(GOOGLEFINANCE($C36,""price"",workday(today(),-L$1)),2,2))-1"),"#N/A") -> #N/A | M36: =IFERROR(__xludf.DUMMYFUNCTION("GOOGLEFINANCE(C36,""marketcap"")"),"#N/A") -> #N/A | N36: =IFERROR(__xludf.DUMMYFUNCTION("IFERROR(GOOGLEFINANCE(C36,""PE""),""-"")"),"-") -> - | O36: EV
A37: TATA POWER | B37: 500400 | C37: TATAPOWER | D37: INE245A01021 | E37: =IFERROR(__xludf.DUMMYFUNCTION("SPARKLINE(INDEX(GOOGLEFINANCE(C37,""price"",workday(today(),-$E$1),today()),,2),{""charttype"",""column"";""color"",""green""})"),"") | F37: =IFERROR(__xludf.DUMMYFUNCTION("GOOGLEFINANCE(C37,""price"")"),374.0) -> 374 | G37: =IFERROR(__xludf.DUMMYFUNCTION("GOOGLEFINANCE(C37,""change"")"),-5.25) -> -5.25 | H37: =IFERROR(__xludf.DUMMYFUNCTION("GOOGLEFINANCE(C37,""changepct"")/100"),-0.0138) -> -0.0138 | I37: =IFERROR(__xludf.DUMMYFUNCTION("INDEX(GOOGLEFINANCE(C37,""price"",workday(today(),-I$1)),2,2)"),378.4) -> 378.4 | J37: =IFERROR(__xludf.DUMMYFUNCTION("INDEX(GOOGLEFINANCE($C37,""price"",workday(today(),-J$1)),2,2)"),369.95) -> 369.95 | K37: =IFERROR(__xludf.DUMMYFUNCTION("$F37/(INDEX(GOOGLEFINANCE($C37,""price"",workday(today(),-K$1)),2,2))-1"),-0.011627906976744096) -> -0.011627907 | L37: =IFERROR(__xludf.DUMMYFUNCTION("$F37/(INDEX(GOOGLEFINANCE($C37,""price"",workday(today(),-L$1)),2,2))-1"),0.010947425327747062) -> 0.010947425 | M37: =IFERROR(__xludf.DUMMYFUNCTION("GOOGLEFINANCE(C37,""marketcap"")"),1.194736858697E12) -> 1194736858697 | N37: =IFERROR(__xludf.DUMMYFUNCTION("IFERROR(GOOGLEFINANCE(C37,""PE""),""-"")"),31.51) -> 31.51 | O37: Green Energy
A38: TATA STL | B38: 500470 | C38: TATASTEEL | D38: INE081A01020 | E38: =IFERROR(__xludf.DUMMYFUNCTION("SPARKLINE(INDEX(GOOGLEFINANCE(C38,""price"",workday(today(),-$E$1),today()),,2),{""charttype"",""column"";""color"",""green""})"),"") | F38: =IFERROR(__xludf.DUMMYFUNCTION("GOOGLEFINANCE(C38,""price"")"),207.92) -> 207.92 | G38: =IFERROR(__xludf.DUMMYFUNCTION("GOOGLEFINANCE(C38,""change"")"),-0.22) -> -0.22 | H38: =IFERROR(__xludf.DUMMYFUNCTION("GOOGLEFINANCE(C38,""changepct"")/100"),-0.0011) -> -0.0011 | I38: =IFERROR(__xludf.DUMMYFUNCTION("INDEX(GOOGLEFINANCE(C38,""price"",workday(today(),-I$1)),2,2)"),203.08) -> 203.08 | J38: =IFERROR(__xludf.DUMMYFUNCTION("INDEX(GOOGLEFINANCE($C38,""price"",workday(today(),-J$1)),2,2)"),208.01) -> 208.01 | K38: =IFERROR(__xludf.DUMMYFUNCTION("$F38/(INDEX(GOOGLEFINANCE($C38,""price"",workday(today(),-K$1)),2,2))-1"),0.023832972227693316) -> 0.023832972 | L38: =IFERROR(__xludf.DUMMYFUNCTION("$F38/(INDEX(GOOGLEFINANCE($C38,""price"",workday(today(),-L$1)),2,2))-1"),-4.3267150617765093E-4) -> -0.00043267151 | M38: =IFERROR(__xludf.DUMMYFUNCTION("GOOGLEFINANCE(C38,""marketcap"")"),2.594951320145E12) -> 2594951320145 | N38: =IFERROR(__xludf.DUMMYFUNCTION("IFERROR(GOOGLEFINANCE(C38,""PE""),""-"")"),28.24) -> 28.24 | O38: Others
A39: TATA TECHNOLOGIES LIMITED | B39: 544028 | C39: TATATECH | D39: INE142M01025 | E39: =IFERROR(__xludf.DUMMYFUNCTION("SPARKLINE(INDEX(GOOGLEFINANCE(C39,""price"",workday(today(),-$E$1),today()),,2),{""charttype"",""column"";""color"",""green""})"),"") | F39: =IFERROR(__xludf.DUMMYFUNCTION("GOOGLEFINANCE(C39,""price"")"),571.95) -> 571.95 | G39: =IFERROR(__xludf.DUMMYFUNCTION("GOOGLEFINANCE(C39,""change"")"),-28.6) -> -28.6 | H39: =IFERROR(__xludf.DUMMYFUNCTION("GOOGLEFINANCE(C39,""changepct"")/100"),-0.047599999999999996) -> -0.0476 | I39: =IFERROR(__xludf.DUMMYFUNCTION("INDEX(GOOGLEFINANCE(C39,""price"",workday(today(),-I$1)),2,2)"),603.95) -> 603.95 | J39: =IFERROR(__xludf.DUMMYFUNCTION("INDEX(GOOGLEFINANCE($C39,""price"",workday(today(),-J$1)),2,2)"),630.7) -> 630.7 | K39: =IFERROR(__xludf.DUMMYFUNCTION("$F39/(INDEX(GOOGLEFINANCE($C39,""price"",workday(today(),-K$1)),2,2))-1"),-0.05298451858597564) -> -0.052984519 | L39: =IFERROR(__xludf.DUMMYFUNCTION("$F39/(INDEX(GOOGLEFINANCE($C39,""price"",workday(today(),-L$1)),2,2))-1"),-0.0931504677342635) -> -0.093150468 | M39: =IFERROR(__xludf.DUMMYFUNCTION("GOOGLEFINANCE(C39,""marketcap"")"),2.32240307956E11) -> 232240307956 | N39: =IFERROR(__xludf.DUMMYFUNCTION("IFERROR(GOOGLEFINANCE(C39,""PE""),""-"")"),43.75) -> 43.75 | O39: Technology
A40: TCS LTD | B40: 532540 | C40: NSE:TCS | D40: INE467B01029 | E40: =IFERROR(__xludf.DUMMYFUNCTION("SPARKLINE(INDEX(GOOGLEFINANCE(C40,""price"",workday(today(),-$E$1),today()),,2),{""charttype"",""column"";""color"",""green""})"),"") | F40: =IFERROR(__xludf.DUMMYFUNCTION("GOOGLEFINANCE(C40,""price"")"),2570.1) -> 2570.1 | G40: =IFERROR(__xludf.DUMMYFUNCTION("GOOGLEFINANCE(C40,""change"")"),-106.2) -> -106.2 | H40: =IFERROR(__xludf.DUMMYFUNCTION("GOOGLEFINANCE(C40,""changepct"")/100"),-0.0397) -> -0.0397 | I40: =IFERROR(__xludf.DUMMYFUNCTION("INDEX(GOOGLEFINANCE(C40,""price"",workday(today(),-I$1)),2,2)"),2717.4) -> 2717.4 | J40: =IFERROR(__xludf.DUMMYFUNCTION("INDEX(GOOGLEFINANCE($C40,""price"",workday(today(),-J$1)),2,2)"),2984.6) -> 2984.6 | K40: =IFERROR(__xludf.DUMMYFUNCTION("$F40/(INDEX(GOOGLEFINANCE($C40,""price"",workday(today(),-K$1)),2,2))-1"),-0.05420622654007512) -> -0.054206227 | L40: =IFERROR(__xludf.DUMMYFUNCTION("$F40/(INDEX(GOOGLEFINANCE($C40,""price"",workday(today(),-L$1)),2,2))-1"),-0.13887958185351468) -> -0.13887958 | M40: =IFERROR(__xludf.DUMMYFUNCTION("GOOGLEFINANCE(C40,""marketcap"")"),9.3039107205E12) -> 9303910720500 | N40: =IFERROR(__xludf.DUMMYFUNCTION("IFERROR(GOOGLEFINANCE(C40,""PE""),""-"")"),19.48) -> 19.48 | O40: Technology
A41: TEXMACO RAIL | B41: 533326 | C41: TEXRAIL | D41: INE621L01012 | E41: =IFERROR(__xludf.DUMMYFUNCTION("SPARKLINE(INDEX(GOOGLEFINANCE(C41,""price"",workday(today(),-$E$1),today()),,2),{""charttype"",""column"";""color"",""green""})"),"") | F41: =IFERROR(__xludf.DUMMYFUNCTION("GOOGLEFINANCE(C41,""price"")"),107.5) -> 107.5 | G41: =IFERROR(__xludf.DUMMYFUNCTION("GOOGLEFINANCE(C41,""change"")"),-3.67) -> -3.67 | H41: =IFERROR(__xludf.DUMMYFUNCTION("GOOGLEFINANCE(C41,""changepct"")/100"),-0.033) -> -0.033 | I41: =IFERROR(__xludf.DUMMYFUNCTION("INDEX(GOOGLEFINANCE(C41,""price"",workday(today(),-I$1)),2,2)"),116.1) -> 116.1 | J41: =IFERROR(__xludf.DUMMYFUNCTION("INDEX(GOOGLEFINANCE($C41,""price"",workday(today(),-J$1)),2,2)"),118.39) -> 118.39 | K41: =IFERROR(__xludf.DUMMYFUNCTION("$F41/(INDEX(GOOGLEFINANCE($C41,""price"",workday(today(),-K$1)),2,2))-1"),-0.07407407407407407) -> -0.074074074 | L41: =IFERROR(__xludf.DUMMYFUNCTION("$F41/(INDEX(GOOGLEFINANCE($C41,""price"",workday(today(),-L$1)),2,2))-1"),-0.09198412028042913) -> -0.09198412 | M41: =IFERROR(__xludf.DUMMYFUNCTION("GOOGLEFINANCE(C41,""marketcap"")"),4.373793375E10) -> 43737933750 | N41: =IFERROR(__xludf.DUMMYFUNCTION("IFERROR(GOOGLEFINANCE(C41,""PE""),""-"")"),24.43) -> 24.43 | O41: PSU
A42: WAAREE ENERGIES LIMITED | B42: 544277 | C42: WAAREEENER | D42: INE377N01017 | E42: =IFERROR(__xludf.DUMMYFUNCTION("SPARKLINE(INDEX(GOOGLEFINANCE(C42,""price"",workday(today(),-$E$1),today()),,2),{""charttype"",""column"";""color"",""green""})"),"") | F42: =IFERROR(__xludf.DUMMYFUNCTION("GOOGLEFINANCE(C42,""price"")"),2979.8) -> 2979.8 | G42: =IFERROR(__xludf.DUMMYFUNCTION("GOOGLEFINANCE(C42,""change"")"),64.0) -> 64 | H42: =IFERROR(__xludf.DUMMYFUNCTION("GOOGLEFINANCE(C42,""changepct"")/100"),0.0219) -> 0.0219 | I42: =IFERROR(__xludf.DUMMYFUNCTION("INDEX(GOOGLEFINANCE(C42,""price"",workday(today(),-I$1)),2,2)"),3053.1) -> 3053.1 | J42: =IFERROR(__xludf.DUMMYFUNCTION("INDEX(GOOGLEFINANCE($C42,""price"",workday(today(),-J$1)),2,2)"),3163.8) -> 3163.8 | K42: =IFERROR(__xludf.DUMMYFUNCTION("$F42/(INDEX(GOOGLEFINANCE($C42,""price"",workday(today(),-K$1)),2,2))-1"),-0.02400838492024493) -> -0.024008385 | L42: =IFERROR(__xludf.DUMMYFUNCTION("$F42/(INDEX(GOOGLEFINANCE($C42,""price"",workday(today(),-L$1)),2,2))-1"),-0.05815791137240023) -> -0.058157911 | M42: =IFERROR(__xludf.DUMMYFUNCTION("GOOGLEFINANCE(C42,""marketcap"")"),8.57543829214E11) -> 857543829214 | N42: =IFERROR(__xludf.DUMMYFUNCTION("IFERROR(GOOGLEFINANCE(C42,""PE""),""-"")"),26.34) -> 26.34 | O42: Green Energy
A43: WIPRO LTD. | B43: 507685 | C43: WIPRO | D43: INE075A01022 | E43: =IFERROR(__xludf.DUMMYFUNCTION("SPARKLINE(INDEX(GOOGLEFINANCE(C43,""price"",workday(today(),-$E$1),today()),,2),{""charttype"",""column"";""color"",""green""})"),"") | F43: =IFERROR(__xludf.DUMMYFUNCTION("GOOGLEFINANCE(C43,""price"")"),199.7) -> 199.7 | G43: =IFERROR(__xludf.DUMMYFUNCTION("GOOGLEFINANCE(C43,""change"")"),-6.19) -> -6.19 | H43: =IFERROR(__xludf.DUMMYFUNCTION("GOOGLEFINANCE(C43,""changepct"")/100"),-0.0301) -> -0.0301 | I43: =IFERROR(__xludf.DUMMYFUNCTION("INDEX(GOOGLEFINANCE(C43,""price"",workday(today(),-I$1)),2,2)"),215.69) -> 215.69 | J43: =IFERROR(__xludf.DUMMYFUNCTION("INDEX(GOOGLEFINANCE($C43,""price"",workday(today(),-J$1)),2,2)"),231.47) -> 231.47 | K43: =IFERROR(__xludf.DUMMYFUNCTION("$F43/(INDEX(GOOGLEFINANCE($C43,""price"",workday(today(),-K$1)),2,2))-1"),-0.07413417404608469) -> -0.074134174 | L43: =IFERROR(__xludf.DUMMYFUNCTION("$F43/(INDEX(GOOGLEFINANCE($C43,""price"",workday(today(),-L$1)),2,2))-1"),-0.13725320775910488) -> -0.13725321 | M43: =IFERROR(__xludf.DUMMYFUNCTION("GOOGLEFINANCE(C43,""marketcap"")"),2.091772165949E12) -> 2091772165949 | N43: =IFERROR(__xludf.DUMMYFUNCTION("IFERROR(GOOGLEFINANCE(C43,""PE""),""-"")"),15.81) -> 15.81 | O43: Technology
A44: Zomato Limited | B44: 543320 | C44: ZOMATO | D44: INE758T01015 | E44: =IFERROR(__xludf.DUMMYFUNCTION("SPARKLINE(INDEX(GOOGLEFINANCE(C44,""price"",workday(today(),-$E$1),today()),,2),{""charttype"",""column"";""color"",""green""})"),"#N/A") -> #N/A | F44: =IFERROR(__xludf.DUMMYFUNCTION("GOOGLEFINANCE(C44,""price"")"),"#N/A") -> #N/A | G44: =IFERROR(__xludf.DUMMYFUNCTION("GOOGLEFINANCE(C44,""change"")"),"#N/A") -> #N/A | H44: =IFERROR(__xludf.DUMMYFUNCTION("GOOGLEFINANCE(C44,""changepct"")/100"),"#N/A") -> #N/A | I44: =IFERROR(__xludf.DUMMYFUNCTION("INDEX(GOOGLEFINANCE(C44,""price"",workday(today(),-I$1)),2,2)"),"#N/A") -> #N/A | J44: =IFERROR(__xludf.DUMMYFUNCTION("INDEX(GOOGLEFINANCE($C44,""price"",workday(today(),-J$1)),2,2)"),"#N/A") -> #N/A | K44: =IFERROR(__xludf.DUMMYFUNCTION("$F44/(INDEX(GOOGLEFINANCE($C44,""price"",workday(today(),-K$1)),2,2))-1"),"#N/A") -> #N/A | L44: =IFERROR(__xludf.DUMMYFUNCTION("$F44/(INDEX(GOOGLEFINANCE($C44,""price"",workday(today(),-L$1)),2,2))-1"),"#N/A") -> #N/A | M44: =IFERROR(__xludf.DUMMYFUNCTION("GOOGLEFINANCE(C44,""marketcap"")"),"#N/A") -> #N/A | N44: =IFERROR(__xludf.DUMMYFUNCTION("IFERROR(GOOGLEFINANCE(C44,""PE""),""-"")"),"-") -> - | O44: Technology
A45: Moschip Technologies Ltd | C45: BOM:532407 | E45: =IFERROR(__xludf.DUMMYFUNCTION("SPARKLINE(INDEX(GOOGLEFINANCE(C45,""price"",workday(today(),-$E$1),today()),,2),{""charttype"",""column"";""color"",""green""})"),"") | F45: =IFERROR(__xludf.DUMMYFUNCTION("GOOGLEFINANCE(C45,""price"")"),197.35) -> 197.35 | G45: =IFERROR(__xludf.DUMMYFUNCTION("GOOGLEFINANCE(C45,""change"")"),-3.45) -> -3.45 | H45: =IFERROR(__xludf.DUMMYFUNCTION("GOOGLEFINANCE(C45,""changepct"")/100"),-0.0172) -> -0.0172 | I45: =IFERROR(__xludf.DUMMYFUNCTION("INDEX(GOOGLEFINANCE(C45,""price"",workday(today(),-I$1)),2,2)"),191.75) -> 191.75 | J45: =IFERROR(__xludf.DUMMYFUNCTION("INDEX(GOOGLEFINANCE($C45,""price"",workday(today(),-J$1)),2,2)"),200.05) -> 200.05 | K45: =IFERROR(__xludf.DUMMYFUNCTION("$F45/(INDEX(GOOGLEFINANCE($C45,""price"",workday(today(),-K$1)),2,2))-1"),0.029204693611473154) -> 0.029204694 | L45: =IFERROR(__xludf.DUMMYFUNCTION("$F45/(INDEX(GOOGLEFINANCE($C45,""price"",workday(today(),-L$1)),2,2))-1"),-0.013496625843539167) -> -0.013496626 | M45: =IFERROR(__xludf.DUMMYFUNCTION("GOOGLEFINANCE(C45,""marketcap"")"),3.8064156484E10) -> 38064156484 | N45: =IFERROR(__xludf.DUMMYFUNCTION("IFERROR(GOOGLEFINANCE(C45,""PE""),""-"")"),109.88) -> 109.88 | O45: Technology
A46: Netweb Technologies India | C46: NETWEB | E46: =IFERROR(__xludf.DUMMYFUNCTION("SPARKLINE(INDEX(GOOGLEFINANCE(C46,""price"",workday(today(),-$E$1),today()),,2),{""charttype"",""column"";""color"",""green""})"),"") | F46: =IFERROR(__xludf.DUMMYFUNCTION("GOOGLEFINANCE(C46,""price"")"),3505.2) -> 3505.2 | G46: =IFERROR(__xludf.DUMMYFUNCTION("GOOGLEFINANCE(C46,""change"")"),-47.5) -> -47.5 | H46: =IFERROR(__xludf.DUMMYFUNCTION("GOOGLEFINANCE(C46,""changepct"")/100"),-0.0134) -> -0.0134 | I46: =IFERROR(__xludf.DUMMYFUNCTION("INDEX(GOOGLEFINANCE(C46,""price"",workday(today(),-I$1)),2,2)"),3098.8) -> 3098.8 | J46: =IFERROR(__xludf.DUMMYFUNCTION("INDEX(GOOGLEFINANCE($C46,""price"",workday(today(),-J$1)),2,2)"),3178.4) -> 3178.4 | K46: =IFERROR(__xludf.DUMMYFUNCTION("$F46/(INDEX(GOOGLEFINANCE($C46,""price"",workday(today(),-K$1)),2,2))-1"),0.13114754098360648) -> 0.13114754 | L46: =IFERROR(__xludf.DUMMYFUNCTION("$F46/(INDEX(GOOGLEFINANCE($C46,""price"",workday(today(),-L$1)),2,2))-1"),0.1028190284419832) -> 0.10281903 | M46: =IFERROR(__xludf.DUMMYFUNCTION("GOOGLEFINANCE(C46,""marketcap"")"),1.995770834E11) -> 199577083400 | N46: =IFERROR(__xludf.DUMMYFUNCTION("IFERROR(GOOGLEFINANCE(C46,""PE""),""-"")"),111.61) -> 111.61 | O46: Technology
A47: Orient Technologies Ltd | C47: ORIENTTECH | E47: =IFERROR(__xludf.DUMMYFUNCTION("SPARKLINE(INDEX(GOOGLEFINANCE(C47,""price"",workday(today(),-$E$1),today()),,2),{""charttype"",""column"";""color"",""green""})"),"") | F47: =IFERROR(__xludf.DUMMYFUNCTION("GOOGLEFINANCE(C47,""price"")"),298.65) -> 298.65 | G47: =IFERROR(__xludf.DUMMYFUNCTION("GOOGLEFINANCE(C47,""change"")"),-7.5) -> -7.5 | H47: =IFERROR(__xludf.DUMMYFUNCTION("GOOGLEFINANCE(C47,""changepct"")/100"),-0.0245) -> -0.0245 | I47: =IFERROR(__xludf.DUMMYFUNCTION("INDEX(GOOGLEFINANCE(C47,""price"",workday(today(),-I$1)),2,2)"),293.75) -> 293.75 | J47: =IFERROR(__xludf.DUMMYFUNCTION("INDEX(GOOGLEFINANCE($C47,""price"",workday(today(),-J$1)),2,2)"),350.15) -> 350.15 | K47: =IFERROR(__xludf.DUMMYFUNCTION("$F47/(INDEX(GOOGLEFINANCE($C47,""price"",workday(today(),-K$1)),2,2))-1"),0.01668085106382966) -> 0.016680851 | L47: =IFERROR(__xludf.DUMMYFUNCTION("$F47/(INDEX(GOOGLEFINANCE($C47,""price"",workday(today(),-L$1)),2,2))-1"),-0.14707982293302868) -> -0.14707982 | M47: =IFERROR(__xludf.DUMMYFUNCTION("GOOGLEFINANCE(C47,""marketcap"")"),1.366848028E10) -> 13668480280 | N47: =IFERROR(__xludf.DUMMYFUNCTION("IFERROR(GOOGLEFINANCE(C47,""PE""),""-"")"),58.02) -> 58.02 | O47: Technology
A48: Hyundai Motor India Ltd | C48: HYUNDAI | E48: =IFERROR(__xludf.DUMMYFUNCTION("SPARKLINE(INDEX(GOOGLEFINANCE(C48,""price"",workday(today(),-$E$1),today()),,2),{""charttype"",""column"";""color"",""green""})"),"") | F48: =IFERROR(__xludf.DUMMYFUNCTION("GOOGLEFINANCE(C48,""price"")"),2171.2) -> 2171.2 | G48: =IFERROR(__xludf.DUMMYFUNCTION("GOOGLEFINANCE(C48,""change"")"),-113.6) -> -113.6 | H48: =IFERROR(__xludf.DUMMYFUNCTION("GOOGLEFINANCE(C48,""changepct"")/100"),-0.049699999999999994) -> -0.0497 | I48: =IFERROR(__xludf.DUMMYFUNCTION("INDEX(GOOGLEFINANCE(C48,""price"",workday(today(),-I$1)),2,2)"),2191.2) -> 2191.2 | J48: =IFERROR(__xludf.DUMMYFUNCTION("INDEX(GOOGLEFINANCE($C48,""price"",workday(today(),-J$1)),2,2)"),2180.8) -> 2180.8 | K48: =IFERROR(__xludf.DUMMYFUNCTION("$F48/(INDEX(GOOGLEFINANCE($C48,""price"",workday(today(),-K$1)),2,2))-1"),-0.009127418765973005) -> -0.0091274188 | L48: =IFERROR(__xludf.DUMMYFUNCTION("$F48/(INDEX(GOOGLEFINANCE($C48,""price"",workday(today(),-L$1)),2,2))-1"),-0.0044020542920031325) -> -0.0044020543 | M48: =IFERROR(__xludf.DUMMYFUNCTION("GOOGLEFINANCE(C48,""marketcap"")"),1.7660582982E12) -> 1766058298200 | N48: =IFERROR(__xludf.DUMMYFUNCTION("IFERROR(GOOGLEFINANCE(C48,""PE""),""-"")"),30.51) -> 30.51 | O48: Technology
A49: Nazara Technologies Ltd | C49: NAZARA | E49: =IFERROR(__xludf.DUMMYFUNCTION("SPARKLINE(INDEX(GOOGLEFINANCE(C49,""price"",workday(today(),-$E$1),today()),,2),{""charttype"",""column"";""color"",""green""})"),"") | F49: =IFERROR(__xludf.DUMMYFUNCTION("GOOGLEFINANCE(C49,""price"")"),268.65) -> 268.65 | G49: =IFERROR(__xludf.DUMMYFUNCTION("GOOGLEFINANCE(C49,""change"")"),-3.95) -> -3.95 | H49: =IFERROR(__xludf.DUMMYFUNCTION("GOOGLEFINANCE(C49,""changepct"")/100"),-0.014499999999999999) -> -0.0145 | I49: =IFERROR(__xludf.DUMMYFUNCTION("INDEX(GOOGLEFINANCE(C49,""price"",workday(today(),-I$1)),2,2)"),275.75) -> 275.75 | J49: =IFERROR(__xludf.DUMMYFUNCTION("INDEX(GOOGLEFINANCE($C49,""price"",workday(today(),-J$1)),2,2)"),278.4) -> 278.4 | K49: =IFERROR(__xludf.DUMMYFUNCTION("$F49/(INDEX(GOOGLEFINANCE($C49,""price"",workday(today(),-K$1)),2,2))-1"),-0.02574796010879432) -> -0.02574796 | L49: =IFERROR(__xludf.DUMMYFUNCTION("$F49/(INDEX(GOOGLEFINANCE($C49,""price"",workday(today(),-L$1)),2,2))-1"),-0.0350215517241379) -> -0.035021552 | M49: =IFERROR(__xludf.DUMMYFUNCTION("GOOGLEFINANCE(C49,""marketcap"")"),9.94698525E10) -> 99469852500 | N49: =IFERROR(__xludf.DUMMYFUNCTION("IFERROR(GOOGLEFINANCE(C49,""PE""),""-"")"),282.74) -> 282.74 | O49: Technology
A50: Newgen Software Technologies Ltd. | C50: NEWGEN | E50: =IFERROR(__xludf.DUMMYFUNCTION("SPARKLINE(INDEX(GOOGLEFINANCE(C50,""price"",workday(today(),-$E$1),today()),,2),{""charttype"",""column"";""color"",""green""})"),"") | F50: =IFERROR(__xludf.DUMMYFUNCTION("GOOGLEFINANCE(C50,""price"")"),515.9) -> 515.9 | G50: =IFERROR(__xludf.DUMMYFUNCTION("GOOGLEFINANCE(C50,""change"")"),-20.75) -> -20.75 | H50: =IFERROR(__xludf.DUMMYFUNCTION("GOOGLEFINANCE(C50,""changepct"")/100"),-0.0387) -> -0.0387 | I50: =IFERROR(__xludf.DUMMYFUNCTION("INDEX(GOOGLEFINANCE(C50,""price"",workday(today(),-I$1)),2,2)"),527.5) -> 527.5 | J50: =IFERROR(__xludf.DUMMYFUNCTION("INDEX(GOOGLEFINANCE($C50,""price"",workday(today(),-J$1)),2,2)"),553.7) -> 553.7 | K50: =IFERROR(__xludf.DUMMYFUNCTION("$F50/(INDEX(GOOGLEFINANCE($C50,""price"",workday(today(),-K$1)),2,2))-1"),-0.02199052132701429) -> -0.021990521 | L50: =IFERROR(__xludf.DUMMYFUNCTION("$F50/(INDEX(GOOGLEFINANCE($C50,""price"",workday(today(),-L$1)),2,2))-1"),-0.06826801517067016) -> -0.068268015 | M50: =IFERROR(__xludf.DUMMYFUNCTION("GOOGLEFINANCE(C50,""marketcap"")"),7.2943172055E10) -> 72943172055 | N50: =IFERROR(__xludf.DUMMYFUNCTION("IFERROR(GOOGLEFINANCE(C50,""PE""),""-"")"),24.42) -> 24.42 | O50: Technology
A51: Cyient Ltd | C51: CYIENT | E51: =IFERROR(__xludf.DUMMYFUNCTION("SPARKLINE(INDEX(GOOGLEFINANCE(C51,""price"",workday(today(),-$E$1),today()),,2),{""charttype"",""column"";""color"",""green""})"),"") | F51: =IFERROR(__xludf.DUMMYFUNCTION("GOOGLEFINANCE(C51,""price"")"),958.2) -> 958.2 | G51: =IFERROR(__xludf.DUMMYFUNCTION("GOOGLEFINANCE(C51,""change"")"),-23.8) -> -23.8 | H51: =IFERROR(__xludf.DUMMYFUNCTION("GOOGLEFINANCE(C51,""changepct"")/100"),-0.0242) -> -0.0242 | I51: =IFERROR(__xludf.DUMMYFUNCTION("INDEX(GOOGLEFINANCE(C51,""price"",workday(today(),-I$1)),2,2)"),1010.3) -> 1010.3 | J51: =IFERROR(__xludf.DUMMYFUNCTION("INDEX(GOOGLEFINANCE($C51,""price"",workday(today(),-J$1)),2,2)"),1083.9) -> 1083.9 | K51: =IFERROR(__xludf.DUMMYFUNCTION("$F51/(INDEX(GOOGLEFINANCE($C51,""price"",workday(today(),-K$1)),2,2))-1"),-0.051568840938335025) -> -0.051568841 | L51: =IFERROR(__xludf.DUMMYFUNCTION("$F51/(INDEX(GOOGLEFINANCE($C51,""price"",workday(today(),-L$1)),2,2))-1"),-0.11597010794353724) -> -0.11597011 | M51: =IFERROR(__xludf.DUMMYFUNCTION("GOOGLEFINANCE(C51,""marketcap"")"),1.05822076228E11) -> 105822076228 | N51: =IFERROR(__xludf.DUMMYFUNCTION("IFERROR(GOOGLEFINANCE(C51,""PE""),""-"")"),19.57) -> 19.57 | O51: Technology
A52: Cyient DLM Ltd | C52: CYIENTDLM | E52: =IFERROR(__xludf.DUMMYFUNCTION("SPARKLINE(INDEX(GOOGLEFINANCE(C52,""price"",workday(today(),-$E$1),today()),,2),{""charttype"",""column"";""color"",""green""})"),"") | F52: =IFERROR(__xludf.DUMMYFUNCTION("GOOGLEFINANCE(C52,""price"")"),318.25) -> 318.25 | G52: =IFERROR(__xludf.DUMMYFUNCTION("GOOGLEFINANCE(C52,""change"")"),-8.35) -> -8.35 | H52: =IFERROR(__xludf.DUMMYFUNCTION("GOOGLEFINANCE(C52,""changepct"")/100"),-0.0256) -> -0.0256 | I52: =IFERROR(__xludf.DUMMYFUNCTION("INDEX(GOOGLEFINANCE(C52,""price"",workday(today(),-I$1)),2,2)"),364.15) -> 364.15 | J52: =IFERROR(__xludf.DUMMYFUNCTION("INDEX(GOOGLEFINANCE($C52,""price"",workday(today(),-J$1)),2,2)"),365.8) -> 365.8 | K52: =IFERROR(__xludf.DUMMYFUNCTION("$F52/(INDEX(GOOGLEFINANCE($C52,""price"",workday(today(),-K$1)),2,2))-1"),-0.12604695867087734) -> -0.12604696 | L52: =IFERROR(__xludf.DUMMYFUNCTION("$F52/(INDEX(GOOGLEFINANCE($C52,""price"",workday(today(),-L$1)),2,2))-1"),-0.12998906506287589) -> -0.12998907 | M52: =IFERROR(__xludf.DUMMYFUNCTION("GOOGLEFINANCE(C52,""marketcap"")"),2.5269624475E10) -> 25269624475 | N52: =IFERROR(__xludf.DUMMYFUNCTION("IFERROR(GOOGLEFINANCE(C52,""PE""),""-"")"),30.95) -> 30.95 | O52: Technology
A53: Coforge Ltd. | C53: COFORGE | E53: =IFERROR(__xludf.DUMMYFUNCTION("SPARKLINE(INDEX(GOOGLEFINANCE(C53,""price"",workday(today(),-$E$1),today()),,2),{""charttype"",""column"";""color"",""green""})"),"") | F53: =IFERROR(__xludf.DUMMYFUNCTION("GOOGLEFINANCE(C53,""price"")"),1203.2) -> 1203.2 | G53: =IFERROR(__xludf.DUMMYFUNCTION("GOOGLEFINANCE(C53,""change"")"),-85.8) -> -85.8 | H53: =IFERROR(__xludf.DUMMYFUNCTION("GOOGLEFINANCE(C53,""changepct"")/100"),-0.0666) -> -0.0666 | I53: =IFERROR(__xludf.DUMMYFUNCTION("INDEX(GOOGLEFINANCE(C53,""price"",workday(today(),-I$1)),2,2)"),1378.8) -> 1378.8 | J53: =IFERROR(__xludf.DUMMYFUNCTION("INDEX(GOOGLEFINANCE($C53,""price"",workday(today(),-J$1)),2,2)"),1551.0) -> 1551 | K53: =IFERROR(__xludf.DUMMYFUNCTION("$F53/(INDEX(GOOGLEFINANCE($C53,""price"",workday(today(),-K$1)),2,2))-1"),-0.1273571221351899) -> -0.12735712 | L53: =IFERROR(__xludf.DUMMYFUNCTION("$F53/(INDEX(GOOGLEFINANCE($C53,""price"",workday(today(),-L$1)),2,2))-1"),-0.22424242424242424) -> -0.22424242 | M53: =IFERROR(__xludf.DUMMYFUNCTION("GOOGLEFINANCE(C53,""marketcap"")"),4.039676406E11) -> 403967640600 | N53: =IFERROR(__xludf.DUMMYFUNCTION("IFERROR(GOOGLEFINANCE(C53,""PE""),""-"")"),33.86) -> 33.86 | O53: Technology
A54: Dixon Technologies India Limited | C54: DIXON | E54: =IFERROR(__xludf.DUMMYFUNCTION("SPARKLINE(INDEX(GOOGLEFINANCE(C54,""price"",workday(today(),-$E$1),today()),,2),{""charttype"",""column"";""color"",""green""})"),"") | F54: =IFERROR(__xludf.DUMMYFUNCTION("GOOGLEFINANCE(C54,""price"")"),10399.0) -> 10399 | G54: =IFERROR(__xludf.DUMMYFUNCTION("GOOGLEFINANCE(C54,""change"")"),-200.0) -> -200 | H54: =IFERROR(__xludf.DUMMYFUNCTION("GOOGLEFINANCE(C54,""changepct"")/100"),-0.0189) -> -0.0189 | I54: =IFERROR(__xludf.DUMMYFUNCTION("INDEX(GOOGLEFINANCE(C54,""price"",workday(today(),-I$1)),2,2)"),11637.0) -> 11637 | J54: =IFERROR(__xludf.DUMMYFUNCTION("INDEX(GOOGLEFINANCE($C54,""price"",workday(today(),-J$1)),2,2)"),11609.0) -> 11609 | K54: =IFERROR(__xludf.DUMMYFUNCTION("$F54/(INDEX(GOOGLEFINANCE($C54,""price"",workday(today(),-K$1)),2,2))-1"),-0.10638480708086273) -> -0.10638481 | L54: =IFERROR(__xludf.DUMMYFUNCTION("$F54/(INDEX(GOOGLEFINANCE($C54,""price"",workday(today(),-L$1)),2,2))-1"),-0.10422947712981312) -> -0.10422948 | M54: =IFERROR(__xludf.DUMMYFUNCTION("GOOGLEFINANCE(C54,""marketcap"")"),6.3246125978E11) -> 632461259780 | N54: =IFERROR(__xludf.DUMMYFUNCTION("IFERROR(GOOGLEFINANCE(C54,""PE""),""-"")"),38.15) -> 38.15 | O54: Technology
A55: Amara Raja Energy & Mobility Ltd | C55: ARE&M | E55: =IFERROR(__xludf.DUMMYFUNCTION("SPARKLINE(INDEX(GOOGLEFINANCE(C55,""price"",workday(today(),-$E$1),today()),,2),{""charttype"",""column"";""color"",""green""})"),"") | F55: =IFERROR(__xludf.DUMMYFUNCTION("GOOGLEFINANCE(C55,""price"")"),857.75) -> 857.75 | G55: =IFERROR(__xludf.DUMMYFUNCTION("GOOGLEFINANCE(C55,""change"")"),0.75) -> 0.75 | H55: =IFERROR(__xludf.DUMMYFUNCTION("GOOGLEFINANCE(C55,""changepct"")/100"),9.0E-4) -> 0.0009 | I55: =IFERROR(__xludf.DUMMYFUNCTION("INDEX(GOOGLEFINANCE(C55,""price"",workday(today(),-I$1)),2,2)"),844.2) -> 844.2 | J55: =IFERROR(__xludf.DUMMYFUNCTION("INDEX(GOOGLEFINANCE($C55,""price"",workday(today(),-J$1)),2,2)"),907.35) -> 907.35 | K55: =IFERROR(__xludf.DUMMYFUNCTION("$F55/(INDEX(GOOGLEFINANCE($C55,""price"",workday(today(),-K$1)),2,2))-1"),0.016050698886519665) -> 0.016050699 | L55: =IFERROR(__xludf.DUMMYFUNCTION("$F55/(INDEX(GOOGLEFINANCE($C55,""price"",workday(today(),-L$1)),2,2))-1"),-0.05466468286769166) -> -0.054664683 | M55: =IFERROR(__xludf.DUMMYFUNCTION("GOOGLEFINANCE(C55,""marketcap"")"),1.567155E11) -> 156715500000 | N55: =IFERROR(__xludf.DUMMYFUNCTION("IFERROR(GOOGLEFINANCE(C55,""PE""),""-"")"),"-") -> - | O55: Technology
A56: Tejas Networks Ltd | C56: TEJASNET | E56: =IFERROR(__xludf.DUMMYFUNCTION("SPARKLINE(INDEX(GOOGLEFINANCE(C56,""price"",workday(today(),-$E$1),today()),,2),{""charttype"",""column"";""color"",""green""})"),"") | F56: =IFERROR(__xludf.DUMMYFUNCTION("GOOGLEFINANCE(C56,""price"")"),313.6) -> 313.6 | G56: =IFERROR(__xludf.DUMMYFUNCTION("GOOGLEFINANCE(C56,""change"")"),-12.9) -> -12.9 | H56: =IFERROR(__xludf.DUMMYFUNCTION("GOOGLEFINANCE(C56,""changepct"")/100"),-0.0395) -> -0.0395 | I56: =IFERROR(__xludf.DUMMYFUNCTION("INDEX(GOOGLEFINANCE(C56,""price"",workday(today(),-I$1)),2,2)"),334.45) -> 334.45 | J56: =IFERROR(__xludf.DUMMYFUNCTION("INDEX(GOOGLEFINANCE($C56,""price"",workday(today(),-J$1)),2,2)"),351.55) -> 351.55 | K56: =IFERROR(__xludf.DUMMYFUNCTION("$F56/(INDEX(GOOGLEFINANCE($C56,""price"",workday(today(),-K$1)),2,2))-1"),-0.06234115712363575) -> -0.062341157 | L56: =IFERROR(__xludf.DUMMYFUNCTION("$F56/(INDEX(GOOGLEFINANCE($C56,""price"",workday(today(),-L$1)),2,2))-1"),-0.1079505049068411) -> -0.1079505 | M56: =IFERROR(__xludf.DUMMYFUNCTION("GOOGLEFINANCE(C56,""marketcap"")"),5.556671505E10) -> 55566715050 | N56: =IFERROR(__xludf.DUMMYFUNCTION("IFERROR(GOOGLEFINANCE(C56,""PE""),""-"")"),"-") -> - | O56: Technology
A57: Zensar Technologies Ltd | C57: ZENSARTECH | E57: =IFERROR(__xludf.DUMMYFUNCTION("SPARKLINE(INDEX(GOOGLEFINANCE(C57,""price"",workday(today(),-$E$1),today()),,2),{""charttype"",""column"";""color"",""green""})"),"") | F57: =IFERROR(__xludf.DUMMYFUNCTION("GOOGLEFINANCE(C57,""price"")"),542.7) -> 542.7 | G57: =IFERROR(__xludf.DUMMYFUNCTION("GOOGLEFINANCE(C57,""change"")"),-27.35) -> -27.35 | H57: =IFERROR(__xludf.DUMMYFUNCTION("GOOGLEFINANCE(C57,""changepct"")/100"),-0.048) -> -0.048 | I57: =IFERROR(__xludf.DUMMYFUNCTION("INDEX(GOOGLEFINANCE(C57,""price"",workday(today(),-I$1)),2,2)"),583.9) -> 583.9 | J57: =IFERROR(__xludf.DUMMYFUNCTION("INDEX(GOOGLEFINANCE($C57,""price"",workday(today(),-J$1)),2,2)"),622.85) -> 622.85 | K57: =IFERROR(__xludf.DUMMYFUNCTION("$F57/(INDEX(GOOGLEFINANCE($C57,""price"",workday(today(),-K$1)),2,2))-1"),-0.07056002740195233) -> -0.070560027 | L57: =IFERROR(__xludf.DUMMYFUNCTION("$F57/(INDEX(GOOGLEFINANCE($C57,""price"",workday(today(),-L$1)),2,2))-1"),-0.12868266837922449) -> -0.12868267 | M57: =IFERROR(__xludf.DUMMYFUNCTION("GOOGLEFINANCE(C57,""marketcap"")"),1.232244018E11) -> 123224401800 | N57: =IFERROR(__xludf.DUMMYFUNCTION("IFERROR(GOOGLEFINANCE(C57,""PE""),""-"")"),16.84) -> 16.84 | O57: Technology
A58: Suzlon Energy Ltd | C58: SUZLON | E58: =IFERROR(__xludf.DUMMYFUNCTION("SPARKLINE(INDEX(GOOGLEFINANCE(C58,""price"",workday(today(),-$E$1),today()),,2),{""charttype"",""column"";""color"",""green""})"),"") | F58: =IFERROR(__xludf.DUMMYFUNCTION("GOOGLEFINANCE(C58,""price"")"),43.65) -> 43.65 | G58: =IFERROR(__xludf.DUMMYFUNCTION("GOOGLEFINANCE(C58,""change"")"),-0.6) -> -0.6 | H58: =IFERROR(__xludf.DUMMYFUNCTION("GOOGLEFINANCE(C58,""changepct"")/100"),-0.013600000000000001) -> -0.0136 | I58: =IFERROR(__xludf.DUMMYFUNCTION("INDEX(GOOGLEFINANCE(C58,""price"",workday(today(),-I$1)),2,2)"),45.94) -> 45.94 | J58: =IFERROR(__xludf.DUMMYFUNCTION("INDEX(GOOGLEFINANCE($C58,""price"",workday(today(),-J$1)),2,2)"),47.69) -> 47.69 | K58: =IFERROR(__xludf.DUMMYFUNCTION("$F58/(INDEX(GOOGLEFINANCE($C58,""price"",workday(today(),-K$1)),2,2))-1"),-0.04984762734000869) -> -0.049847627 | L58: =IFERROR(__xludf.DUMMYFUNCTION("$F58/(INDEX(GOOGLEFINANCE($C58,""price"",workday(today(),-L$1)),2,2))-1"),-0.08471377647305511) -> -0.084713776 | M58: =IFERROR(__xludf.DUMMYFUNCTION("GOOGLEFINANCE(C58,""marketcap"")"),5.97994103539E11) -> 597994103539 | N58: =IFERROR(__xludf.DUMMYFUNCTION("IFERROR(GOOGLEFINANCE(C58,""PE""),""-"")"),18.56) -> 18.56 | O58: Green Energy
A59: eMudhra Ltd | C59: EMUDHRA | E59: =IFERROR(__xludf.DUMMYFUNCTION("SPARKLINE(INDEX(GOOGLEFINANCE(C59,""price"",workday(today(),-$E$1),today()),,2),{""charttype"",""column"";""color"",""green""})"),"") | F59: =IFERROR(__xludf.DUMMYFUNCTION("GOOGLEFINANCE(C59,""price"")"),440.0) -> 440 | G59: =IFERROR(__xludf.DUMMYFUNCTION("GOOGLEFINANCE(C59,""change"")"),-23.6) -> -23.6 | H59: =IFERROR(__xludf.DUMMYFUNCTION("GOOGLEFINANCE(C59,""changepct"")/100"),-0.0509) -> -0.0509 | I59: =IFERROR(__xludf.DUMMYFUNCTION("INDEX(GOOGLEFINANCE(C59,""price"",workday(today(),-I$1)),2,2)"),467.35) -> 467.35 | J59: =IFERROR(__xludf.DUMMYFUNCTION("INDEX(GOOGLEFINANCE($C59,""price"",workday(today(),-J$1)),2,2)"),516.6) -> 516.6 | K59: =IFERROR(__xludf.DUMMYFUNCTION("$F59/(INDEX(GOOGLEFINANCE($C59,""price"",workday(today(),-K$1)),2,2))-1"),-0.05852145073285553) -> -0.058521451 | L59: =IFERROR(__xludf.DUMMYFUNCTION("$F59/(INDEX(GOOGLEFINANCE($C59,""price"",workday(today(),-L$1)),2,2))-1"),-0.14827719705768494) -> -0.1482772 | M59: =IFERROR(__xludf.DUMMYFUNCTION("GOOGLEFINANCE(C59,""marketcap"")"),3.6037812802E10) -> 36037812802 | N59: =IFERROR(__xludf.DUMMYFUNCTION("IFERROR(GOOGLEFINANCE(C59,""PE""),""-"")"),35.96) -> 35.96 | O59: Technology
A60: Rategain Travel Technologies Ltd | C60: RATEGAIN | E60: =IFERROR(__xludf.DUMMYFUNCTION("SPARKLINE(INDEX(GOOGLEFINANCE(C60,""price"",workday(today(),-$E$1),today()),,2),{""charttype"",""column"";""color"",""green""})"),"") | F60: =IFERROR(__xludf.DUMMYFUNCTION("GOOGLEFINANCE(C60,""price"")"),515.15) -> 515.15 | G60: =IFERROR(__xludf.DUMMYFUNCTION("GOOGLEFINANCE(C60,""change"")"),-20.65) -> -20.65 | H60: =IFERROR(__xludf.DUMMYFUNCTION("GOOGLEFINANCE(C60,""changepct"")/100"),-0.0385) -> -0.0385 | I60: =IFERROR(__xludf.DUMMYFUNCTION("INDEX(GOOGLEFINANCE(C60,""price"",workday(today(),-I$1)),2,2)"),578.85) -> 578.85 | J60: =IFERROR(__xludf.DUMMYFUNCTION("INDEX(GOOGLEFINANCE($C60,""price"",workday(today(),-J$1)),2,2)"),592.9) -> 592.9 | K60: =IFERROR(__xludf.DUMMYFUNCTION("$F60/(INDEX(GOOGLEFINANCE($C60,""price"",workday(today(),-K$1)),2,2))-1"),-0.1100457804267082) -> -0.11004578 | L60: =IFERROR(__xludf.DUMMYFUNCTION("$F60/(INDEX(GOOGLEFINANCE($C60,""price"",workday(today(),-L$1)),2,2))-1"),-0.13113509866756623) -> -0.1311351 | M60: =IFERROR(__xludf.DUMMYFUNCTION("GOOGLEFINANCE(C60,""marketcap"")"),6.0810848757E10) -> 60810848757 | N60: =IFERROR(__xludf.DUMMYFUNCTION("IFERROR(GOOGLEFINANCE(C60,""PE""),""-"")"),33.93) -> 33.93 | O60: Technology
A61: Sterling and Wilson Renewable Energy Ltd | C61: SWSOLAR | E61: =IFERROR(__xludf.DUMMYFUNCTION("SPARKLINE(INDEX(GOOGLEFINANCE(C61,""price"",workday(today(),-$E$1),today()),,2),{""charttype"",""column"";""color"",""green""})"),"") | F61: =IFERROR(__xludf.DUMMYFUNCTION("GOOGLEFINANCE(C61,""price"")"),203.2) -> 203.2 | G61: =IFERROR(__xludf.DUMMYFUNCTION("GOOGLEFINANCE(C61,""change"")"),-8.23) -> -8.23 | H61: =IFERROR(__xludf.DUMMYFUNCTION("GOOGLEFINANCE(C61,""changepct"")/100"),-0.038900000000000004) -> -0.0389 | I61: =IFERROR(__xludf.DUMMYFUNCTION("INDEX(GOOGLEFINANCE(C61,""price"",workday(today(),-I$1)),2,2)"),216.99) -> 216.99 | J61: =IFERROR(__xludf.DUMMYFUNCTION("INDEX(GOOGLEFINANCE($C61,""price"",workday(today(),-J$1)),2,2)"),209.6) -> 209.6 | K61: =IFERROR(__xludf.DUMMYFUNCTION("$F61/(INDEX(GOOGLEFINANCE($C61,""price"",workday(today(),-K$1)),2,2))-1"),-0.06355131572883554) -> -0.063551316 | L61: =IFERROR(__xludf.DUMMYFUNCTION("$F61/(INDEX(GOOGLEFINANCE($C61,""price"",workday(today(),-L$1)),2,2))-1"),-0.03053435114503822) -> -0.030534351 | M61: =IFERROR(__xludf.DUMMYFUNCTION("GOOGLEFINANCE(C61,""marketcap"")"),4.7474657725E10) -> 47474657725 | N61: =IFERROR(__xludf.DUMMYFUNCTION("IFERROR(GOOGLEFINANCE(C61,""PE""),""-"")"),"-") -> - | O61: Green Energy
A62: Indian Renewable Energy Dev Agency Ltd | C62: IREDA | E62: =IFERROR(__xludf.DUMMYFUNCTION("SPARKLINE(INDEX(GOOGLEFINANCE(C62,""price"",workday(today(),-$E$1),today()),,2),{""charttype"",""column"";""color"",""green""})"),"") | F62: =IFERROR(__xludf.DUMMYFUNCTION("GOOGLEFINANCE(C62,""price"")"),125.56) -> 125.56 | G62: =IFERROR(__xludf.DUMMYFUNCTION("GOOGLEFINANCE(C62,""change"")"),-1.67) -> -1.67 | H62: =IFERROR(__xludf.DUMMYFUNCTION("GOOGLEFINANCE(C62,""changepct"")/100"),-0.0131) -> -0.0131 | I62: =IFERROR(__xludf.DUMMYFUNCTION("INDEX(GOOGLEFINANCE(C62,""price"",workday(today(),-I$1)),2,2)"),127.03) -> 127.03 | J62: =IFERROR(__xludf.DUMMYFUNCTION("INDEX(GOOGLEFINANCE($C62,""price"",workday(today(),-J$1)),2,2)"),129.28) -> 129.28 | K62: =IFERROR(__xludf.DUMMYFUNCTION("$F62/(INDEX(GOOGLEFINANCE($C62,""price"",workday(today(),-K$1)),2,2))-1"),-0.011572069589860678) -> -0.01157207 | L62: =IFERROR(__xludf.DUMMYFUNCTION("$F62/(INDEX(GOOGLEFINANCE($C62,""price"",workday(today(),-L$1)),2,2))-1"),-0.028774752475247523) -> -0.028774752 | M62: =IFERROR(__xludf.DUMMYFUNCTION("GOOGLEFINANCE(C62,""marketcap"")"),3.52811185412E11) -> 352811185412 | N62: =IFERROR(__xludf.DUMMYFUNCTION("IFERROR(GOOGLEFINANCE(C62,""PE""),""-"")"),18.37) -> 18.37 | O62: Green Energy
A63: Inox Wind Ltd | C63: INOXWIND | E63: =IFERROR(__xludf.DUMMYFUNCTION("SPARKLINE(INDEX(GOOGLEFINANCE(C63,""price"",workday(today(),-$E$1),today()),,2),{""charttype"",""column"";""color"",""green""})"),"") | F63: =IFERROR(__xludf.DUMMYFUNCTION("GOOGLEFINANCE(C63,""price"")"),94.1) -> 94.1 | G63: =IFERROR(__xludf.DUMMYFUNCTION("GOOGLEFINANCE(C63,""change"")"),-2.03) -> -2.03 | H63: =IFERROR(__xludf.DUMMYFUNCTION("GOOGLEFINANCE(C63,""changepct"")/100"),-0.021099999999999997) -> -0.0211 | I63: =IFERROR(__xludf.DUMMYFUNCTION("INDEX(GOOGLEFINANCE(C63,""price"",workday(today(),-I$1)),2,2)"),99.88) -> 99.88 | J63: =IFERROR(__xludf.DUMMYFUNCTION("INDEX(GOOGLEFINANCE($C63,""price"",workday(today(),-J$1)),2,2)"),111.22) -> 111.22 | K63: =IFERROR(__xludf.DUMMYFUNCTION("$F63/(INDEX(GOOGLEFINANCE($C63,""price"",workday(today(),-K$1)),2,2))-1"),-0.057869443331998394) -> -0.057869443 | L63: =IFERROR(__xludf.DUMMYFUNCTION("$F63/(INDEX(GOOGLEFINANCE($C63,""price"",workday(today(),-L$1)),2,2))-1"),-0.15392914943355518) -> -0.15392915 | M63: =IFERROR(__xludf.DUMMYFUNCTION("GOOGLEFINANCE(C63,""marketcap"")"),1.62609907091E11) -> 162609907091 | N63: =IFERROR(__xludf.DUMMYFUNCTION("IFERROR(GOOGLEFINANCE(C63,""PE""),""-"")"),29.83) -> 29.83 | O63: Green Energy
A64: Inox Green Energy | C64: BOM:543667 | E64: =IFERROR(__xludf.DUMMYFUNCTION("SPARKLINE(INDEX(GOOGLEFINANCE(C64,""price"",workday(today(),-$E$1),today()),,2),{""charttype"",""column"";""color"",""green""})"),"") | F64: =IFERROR(__xludf.DUMMYFUNCTION("GOOGLEFINANCE(C64,""price"")"),174.3) -> 174.3 | G64: =IFERROR(__xludf.DUMMYFUNCTION("GOOGLEFINANCE(C64,""change"")"),-2.05) -> -2.05 | H64: =IFERROR(__xludf.DUMMYFUNCTION("GOOGLEFINANCE(C64,""changepct"")/100"),-0.0116) -> -0.0116 | I64: =IFERROR(__xludf.DUMMYFUNCTION("INDEX(GOOGLEFINANCE(C64,""price"",workday(today(),-I$1)),2,2)"),171.35) -> 171.35 | J64: =IFERROR(__xludf.DUMMYFUNCTION("INDEX(GOOGLEFINANCE($C64,""price"",workday(today(),-J$1)),2,2)"),178.8) -> 178.8 | K64: =IFERROR(__xludf.DUMMYFUNCTION("$F64/(INDEX(GOOGLEFINANCE($C64,""price"",workday(today(),-K$1)),2,2))-1"),0.01721622410271384) -> 0.017216224 | L64: =IFERROR(__xludf.DUMMYFUNCTION("$F64/(INDEX(GOOGLEFINANCE($C64,""price"",workday(today(),-L$1)),2,2))-1"),-0.025167785234899376) -> -0.025167785 | M64: =IFERROR(__xludf.DUMMYFUNCTION("GOOGLEFINANCE(C64,""marketcap"")"),6.958659638E10) -> 69586596380 | N64: =IFERROR(__xludf.DUMMYFUNCTION("IFERROR(GOOGLEFINANCE(C64,""PE""),""-"")"),79.79) -> 79.79 | O64: Green Energy
A65: JSW Energy Ltd | C65: JSWENERGY | E65: =IFERROR(__xludf.DUMMYFUNCTION("SPARKLINE(INDEX(GOOGLEFINANCE(C65,""price"",workday(today(),-$E$1),today()),,2),{""charttype"",""column"";""color"",""green""})"),"") | F65: =IFERROR(__xludf.DUMMYFUNCTION("GOOGLEFINANCE(C65,""price"")"),482.35) -> 482.35 | G65: =IFERROR(__xludf.DUMMYFUNCTION("GOOGLEFINANCE(C65,""change"")"),-4.05) -> -4.05 | H65: =IFERROR(__xludf.DUMMYFUNCTION("GOOGLEFINANCE(C65,""changepct"")/100"),-0.0083) -> -0.0083 | I65: =IFERROR(__xludf.DUMMYFUNCTION("INDEX(GOOGLEFINANCE(C65,""price"",workday(today(),-I$1)),2,2)"),487.35) -> 487.35 | J65: =IFERROR(__xludf.DUMMYFUNCTION("INDEX(GOOGLEFINANCE($C65,""price"",workday(today(),-J$1)),2,2)"),483.7) -> 483.7 | K65: =IFERROR(__xludf.DUMMYFUNCTION("$F65/(INDEX(GOOGLEFINANCE($C65,""price"",workday(today(),-K$1)),2,2))-1"),-0.010259567046270623) -> -0.010259567 | L65: =IFERROR(__xludf.DUMMYFUNCTION("$F65/(INDEX(GOOGLEFINANCE($C65,""price"",workday(today(),-L$1)),2,2))-1"),-0.0027909861484390897) -> -0.0027909861 | M65: =IFERROR(__xludf.DUMMYFUNCTION("GOOGLEFINANCE(C65,""marketcap"")"),8.70036411759E11) -> 870036411759 | N65: =IFERROR(__xludf.DUMMYFUNCTION("IFERROR(GOOGLEFINANCE(C65,""PE""),""-"")"),36.98) -> 36.98 | O65: Green Energy
A66: DEE Development Engineers Ltd | C66: DEEDEV | E66: =IFERROR(__xludf.DUMMYFUNCTION("SPARKLINE(INDEX(GOOGLEFINANCE(C66,""price"",workday(today(),-$E$1),today()),,2),{""charttype"",""column"";""color"",""green""})"),"") | F66: =IFERROR(__xludf.DUMMYFUNCTION("GOOGLEFINANCE(C66,""price"")"),272.5) -> 272.5 | G66: =IFERROR(__xludf.DUMMYFUNCTION("GOOGLEFINANCE(C66,""change"")"),15.98) -> 15.98 | H66: =IFERROR(__xludf.DUMMYFUNCTION("GOOGLEFINANCE(C66,""changepct"")/100"),0.0623) -> 0.0623 | I66: =IFERROR(__xludf.DUMMYFUNCTION("INDEX(GOOGLEFINANCE(C66,""price"",workday(today(),-I$1)),2,2)"),212.73) -> 212.73 | J66: =IFERROR(__xludf.DUMMYFUNCTION("INDEX(GOOGLEFINANCE($C66,""price"",workday(today(),-J$1)),2,2)"),215.18) -> 215.18 | K66: =IFERROR(__xludf.DUMMYFUNCTION("$F66/(INDEX(GOOGLEFINANCE($C66,""price"",workday(today(),-K$1)),2,2))-1"),0.28096648333568375) -> 0.28096648 | L66: =IFERROR(__xludf.DUMMYFUNCTION("$F66/(INDEX(GOOGLEFINANCE($C66,""price"",workday(today(),-L$1)),2,2))-1"),0.2663816339808531) -> 0.26638163 | M66: =IFERROR(__xludf.DUMMYFUNCTION("GOOGLEFINANCE(C66,""marketcap"")"),1.88742547E10) -> 18874254700 | N66: =IFERROR(__xludf.DUMMYFUNCTION("IFERROR(GOOGLEFINANCE(C66,""PE""),""-"")"),23.44) -> 23.44 | O66: Technology
A67: Mishra Dhatu Nigam Ltd | C67: MIDHANI | E67: =IFERROR(__xludf.DUMMYFUNCTION("SPARKLINE(INDEX(GOOGLEFINANCE(C67,""price"",workday(today(),-$E$1),today()),,2),{""charttype"",""column"";""color"",""green""})"),"") | F67: =IFERROR(__xludf.DUMMYFUNCTION("GOOGLEFINANCE(C67,""price"")"),336.3) -> 336.3 | G67: =IFERROR(__xludf.DUMMYFUNCTION("GOOGLEFINANCE(C67,""change"")"),-7.8) -> -7.8 | H67: =IFERROR(__xludf.DUMMYFUNCTION("GOOGLEFINANCE(C67,""changepct"")/100"),-0.0227) -> -0.0227 | I67: =IFERROR(__xludf.DUMMYFUNCTION("INDEX(GOOGLEFINANCE(C67,""price"",workday(today(),-I$1)),2,2)"),360.35) -> 360.35 | J67: =IFERROR(__xludf.DUMMYFUNCTION("INDEX(GOOGLEFINANCE($C67,""price"",workday(today(),-J$1)),2,2)"),377.8) -> 377.8 | K67: =IFERROR(__xludf.DUMMYFUNCTION("$F67/(INDEX(GOOGLEFINANCE($C67,""price"",workday(today(),-K$1)),2,2))-1"),-0.06674066879422791) -> -0.066740669 | L67: =IFERROR(__xludf.DUMMYFUNCTION("$F67/(INDEX(GOOGLEFINANCE($C67,""price"",workday(today(),-L$1)),2,2))-1"),-0.10984647961884597) -> -0.10984648 | M67: =IFERROR(__xludf.DUMMYFUNCTION("GOOGLEFINANCE(C67,""marketcap"")"),6.303987635E10) -> 63039876350 | N67: =IFERROR(__xludf.DUMMYFUNCTION("IFERROR(GOOGLEFINANCE(C67,""PE""),""-"")"),57.53) -> 57.53 | O67: Defence
A68: Azad Engineering Ltd | C68: AZAD | E68: =IFERROR(__xludf.DUMMYFUNCTION("SPARKLINE(INDEX(GOOGLEFINANCE(C68,""price"",workday(today(),-$E$1),today()),,2),{""charttype"",""column"";""color"",""green""})"),"") | F68: =IFERROR(__xludf.DUMMYFUNCTION("GOOGLEFINANCE(C68,""price"")"),1698.6) -> 1698.6 | G68: =IFERROR(__xludf.DUMMYFUNCTION("GOOGLEFINANCE(C68,""change"")"),-7.5) -> -7.5 | H68: =IFERROR(__xludf.DUMMYFUNCTION("GOOGLEFINANCE(C68,""changepct"")/100"),-0.0044) -> -0.0044 | I68: =IFERROR(__xludf.DUMMYFUNCTION("INDEX(GOOGLEFINANCE(C68,""price"",workday(today(),-I$1)),2,2)"),1655.4) -> 1655.4 | J68: =IFERROR(__xludf.DUMMYFUNCTION("INDEX(GOOGLEFINANCE($C68,""price"",workday(today(),-J$1)),2,2)"),1593.3) -> 1593.3 | K68: =IFERROR(__xludf.DUMMYFUNCTION("$F68/(INDEX(GOOGLEFINANCE($C68,""price"",workday(today(),-K$1)),2,2))-1"),0.026096411743385284) -> 0.026096412 | L68: =IFERROR(__xludf.DUMMYFUNCTION("$F68/(INDEX(GOOGLEFINANCE($C68,""price"",workday(today(),-L$1)),2,2))-1"),0.06608924872905297) -> 0.066089249 | M68: =IFERROR(__xludf.DUMMYFUNCTION("GOOGLEFINANCE(C68,""marketcap"")"),1.0998273728E11) -> 109982737280 | N68: =IFERROR(__xludf.DUMMYFUNCTION("IFERROR(GOOGLEFINANCE(C68,""PE""),""-"")"),89.08) -> 89.08 | O68: Defence
A69: Solar Industries India Ltd | C69: SOLARINDS | E69: =IFERROR(__xludf.DUMMYFUNCTION("SPARKLINE(INDEX(GOOGLEFINANCE(C69,""price"",workday(today(),-$E$1),today()),,2),{""charttype"",""column"";""color"",""green""})"),"") | F69: =IFERROR(__xludf.DUMMYFUNCTION("GOOGLEFINANCE(C69,""price"")"),13250.0) -> 13250 | G69: =IFERROR(__xludf.DUMMYFUNCTION("GOOGLEFINANCE(C69,""change"")"),-120.0) -> -120 | H69: =IFERROR(__xludf.DUMMYFUNCTION("GOOGLEFINANCE(C69,""changepct"")/100"),-0.009000000000000001) -> -0.009 | I69: =IFERROR(__xludf.DUMMYFUNCTION("INDEX(GOOGLEFINANCE(C69,""price"",workday(today(),-I$1)),2,2)"),13266.0) -> 13266 | J69: =IFERROR(__xludf.DUMMYFUNCTION("INDEX(GOOGLEFINANCE($C69,""price"",workday(today(),-J$1)),2,2)"),13423.0) -> 13423 | K69: =IFERROR(__xludf.DUMMYFUNCTION("$F69/(INDEX(GOOGLEFINANCE($C69,""price"",workday(today(),-K$1)),2,2))-1"),-0.0012060907583295588) -> -0.0012060908 | L69: =IFERROR(__xludf.DUMMYFUNCTION("$F69/(INDEX(GOOGLEFINANCE($C69,""price"",workday(today(),-L$1)),2,2))-1"),-0.012888326007598927) -> -0.012888326 | M69: =IFERROR(__xludf.DUMMYFUNCTION("GOOGLEFINANCE(C69,""marketcap"")"),1.1953738247E12) -> 1195373824700 | N69: =IFERROR(__xludf.DUMMYFUNCTION("IFERROR(GOOGLEFINANCE(C69,""PE""),""-"")"),82.42) -> 82.42 | O69: Defence
A70: Bharat Forge Ltd | C70: BHARATFORG | E70: =IFERROR(__xludf.DUMMYFUNCTION("SPARKLINE(INDEX(GOOGLEFINANCE(C70,""price"",workday(today(),-$E$1),today()),,2),{""charttype"",""column"";""color"",""green""})"),"") | F70: =IFERROR(__xludf.DUMMYFUNCTION("GOOGLEFINANCE(C70,""price"")"),1830.8) -> 1830.8 | G70: =IFERROR(__xludf.DUMMYFUNCTION("GOOGLEFINANCE(C70,""change"")"),-1.2) -> -1.2 | H70: =IFERROR(__xludf.DUMMYFUNCTION("GOOGLEFINANCE(C70,""changepct"")/100"),-7.000000000000001E-4) -> -0.0007 | I70: =IFERROR(__xludf.DUMMYFUNCTION("INDEX(GOOGLEFINANCE(C70,""price"",workday(today(),-I$1)),2,2)"),1751.2) -> 1751.2 | J70: =IFERROR(__xludf.DUMMYFUNCTION("INDEX(GOOGLEFINANCE($C70,""price"",workday(today(),-J$1)),2,2)"),1614.0) -> 1614 | K70: =IFERROR(__xludf.DUMMYFUNCTION("$F70/(INDEX(GOOGLEFINANCE($C70,""price"",workday(today(),-K$1)),2,2))-1"),0.045454545454545414) -> 0.045454545 | L70: =IFERROR(__xludf.DUMMYFUNCTION("$F70/(INDEX(GOOGLEFINANCE($C70,""price"",workday(today(),-L$1)),2,2))-1"),0.13432465923172243) -> 0.13432466 | M70: =IFERROR(__xludf.DUMMYFUNCTION("GOOGLEFINANCE(C70,""marketcap"")"),8.76427484577E11) -> 876427484577 | N70: =IFERROR(__xludf.DUMMYFUNCTION("IFERROR(GOOGLEFINANCE(C70,""PE""),""-"")"),77.56) -> 77.56 | O70: Defence
A71: Data Patterns (India) Ltd | C71: DATAPATTNS | E71: =IFERROR(__xludf.DUMMYFUNCTION("SPARKLINE(INDEX(GOOGLEFINANCE(C71,""price"",workday(today(),-$E$1),today()),,2),{""charttype"",""column"";""color"",""green""})"),"") | F71: =IFERROR(__xludf.DUMMYFUNCTION("GOOGLEFINANCE(C71,""price"")"),3081.3) -> 3081.3 | G71: =IFERROR(__xludf.DUMMYFUNCTION("GOOGLEFINANCE(C71,""change"")"),19.9) -> 19.9 | H71: =IFERROR(__xludf.DUMMYFUNCTION("GOOGLEFINANCE(C71,""changepct"")/100"),0.006500000000000001) -> 0.0065 | I71: =IFERROR(__xludf.DUMMYFUNCTION("INDEX(GOOGLEFINANCE(C71,""price"",workday(today(),-I$1)),2,2)"),2817.3) -> 2817.3 | J71: =IFERROR(__xludf.DUMMYFUNCTION("INDEX(GOOGLEFINANCE($C71,""price"",workday(today(),-J$1)),2,2)"),2840.5) -> 2840.5 | K71: =IFERROR(__xludf.DUMMYFUNCTION("$F71/(INDEX(GOOGLEFINANCE($C71,""price"",workday(today(),-K$1)),2,2))-1"),0.09370674049621974) -> 0.09370674 | L71: =IFERROR(__xludf.DUMMYFUNCTION("$F71/(INDEX(GOOGLEFINANCE($C71,""price"",workday(today(),-L$1)),2,2))-1"),0.08477380742826979) -> 0.084773807 | M71: =IFERROR(__xludf.DUMMYFUNCTION("GOOGLEFINANCE(C71,""marketcap"")"),1.72464254255E11) -> 172464254255 | N71: =IFERROR(__xludf.DUMMYFUNCTION("IFERROR(GOOGLEFINANCE(C71,""PE""),""-"")"),69.71) -> 69.71 | O71: Defence
A72: Zen Technologies Limited | C72: ZENTEC | E72: =IFERROR(__xludf.DUMMYFUNCTION("SPARKLINE(INDEX(GOOGLEFINANCE(C72,""price"",workday(today(),-$E$1),today()),,2),{""charttype"",""column"";""color"",""green""})"),"") | F72: =IFERROR(__xludf.DUMMYFUNCTION("GOOGLEFINANCE(C72,""price"")"),1311.3) -> 1311.3 | G72: =IFERROR(__xludf.DUMMYFUNCTION("GOOGLEFINANCE(C72,""change"")"),-12.4) -> -12.4 | H72: =IFERROR(__xludf.DUMMYFUNCTION("GOOGLEFINANCE(C72,""changepct"")/100"),-0.009399999999999999) -> -0.0094 | I72: =IFERROR(__xludf.DUMMYFUNCTION("INDEX(GOOGLEFINANCE(C72,""price"",workday(today(),-I$1)),2,2)"),1335.6) -> 1335.6 | J72: =IFERROR(__xludf.DUMMYFUNCTION("INDEX(GOOGLEFINANCE($C72,""price"",workday(today(),-J$1)),2,2)"),1331.3) -> 1331.3 | K72: =IFERROR(__xludf.DUMMYFUNCTION("$F72/(INDEX(GOOGLEFINANCE($C72,""price"",workday(today(),-K$1)),2,2))-1"),-0.01819407008086249) -> -0.01819407 | L72: =IFERROR(__xludf.DUMMYFUNCTION("$F72/(INDEX(GOOGLEFINANCE($C72,""price"",workday(today(),-L$1)),2,2))-1"),-0.015022909937654871) -> -0.01502291 | M72: =IFERROR(__xludf.DUMMYFUNCTION("GOOGLEFINANCE(C72,""marketcap"")"),1.178735832E11) -> 117873583200 | N72: =IFERROR(__xludf.DUMMYFUNCTION("IFERROR(GOOGLEFINANCE(C72,""PE""),""-"")"),44.81) -> 44.81 | O72: Defence
A73: ideaForge Technology Ltd | C73: IDEAFORGE | E73: =IFERROR(__xludf.DUMMYFUNCTION("SPARKLINE(INDEX(GOOGLEFINANCE(C73,""price"",workday(today(),-$E$1),today()),,2),{""charttype"",""column"";""color"",""green""})"),"") | F73: =IFERROR(__xludf.DUMMYFUNCTION("GOOGLEFINANCE(C73,""price"")"),406.9) -> 406.9 | G73: =IFERROR(__xludf.DUMMYFUNCTION("GOOGLEFINANCE(C73,""change"")"),-2.55) -> -2.55 | H73: =IFERROR(__xludf.DUMMYFUNCTION("GOOGLEFINANCE(C73,""changepct"")/100"),-0.0062) -> -0.0062 | I73: =IFERROR(__xludf.DUMMYFUNCTION("INDEX(GOOGLEFINANCE(C73,""price"",workday(today(),-I$1)),2,2)"),413.1) -> 413.1 | J73: =IFERROR(__xludf.DUMMYFUNCTION("INDEX(GOOGLEFINANCE($C73,""price"",workday(today(),-J$1)),2,2)"),435.0) -> 435 | K73: =IFERROR(__xludf.DUMMYFUNCTION("$F73/(INDEX(GOOGLEFINANCE($C73,""price"",workday(today(),-K$1)),2,2))-1"),-0.015008472524812522) -> -0.015008473 | L73: =IFERROR(__xludf.DUMMYFUNCTION("$F73/(INDEX(GOOGLEFINANCE($C73,""price"",workday(today(),-L$1)),2,2))-1"),-0.06459770114942531) -> -0.064597701 | M73: =IFERROR(__xludf.DUMMYFUNCTION("GOOGLEFINANCE(C73,""marketcap"")"),1.760649911E10) -> 17606499110 | N73: =IFERROR(__xludf.DUMMYFUNCTION("IFERROR(GOOGLEFINANCE(C73,""PE""),""-"")"),"-") -> - | O73: Defence
A74: BEML Ltd | C74: BEML | E74: =IFERROR(__xludf.DUMMYFUNCTION("SPARKLINE(INDEX(GOOGLEFINANCE(C74,""price"",workday(today(),-$E$1),today()),,2),{""charttype"",""column"";""color"",""green""})"),"") | F74: =IFERROR(__xludf.DUMMYFUNCTION("GOOGLEFINANCE(C74,""price"")"),1687.2) -> 1687.2 | G74: =IFERROR(__xludf.DUMMYFUNCTION("GOOGLEFINANCE(C74,""change"")"),-13.1) -> -13.1 | H74: =IFERROR(__xludf.DUMMYFUNCTION("GOOGLEFINANCE(C74,""changepct"")/100"),-0.0077) -> -0.0077 | I74: =IFERROR(__xludf.DUMMYFUNCTION("INDEX(GOOGLEFINANCE(C74,""price"",workday(today(),-I$1)),2,2)"),1736.7) -> 1736.7 | J74: =IFERROR(__xludf.DUMMYFUNCTION("INDEX(GOOGLEFINANCE($C74,""price"",workday(today(),-J$1)),2,2)"),1768.2) -> 1768.2 | K74: =IFERROR(__xludf.DUMMYFUNCTION("$F74/(INDEX(GOOGLEFINANCE($C74,""price"",workday(today(),-K$1)),2,2))-1"),-0.028502332008982556) -> -0.028502332 | L74: =IFERROR(__xludf.DUMMYFUNCTION("$F74/(INDEX(GOOGLEFINANCE($C74,""price"",workday(today(),-L$1)),2,2))-1"),-0.04580929759077024) -> -0.045809298 | M74: =IFERROR(__xludf.DUMMYFUNCTION("GOOGLEFINANCE(C74,""marketcap"")"),1.4059184888E11) -> 140591848880 | N74: =IFERROR(__xludf.DUMMYFUNCTION("IFERROR(GOOGLEFINANCE(C74,""PE""),""-"")"),55.85) -> 55.85 | O74: Defence
A75: Mazagon Dock Shipbuilders Ltd | C75: MAZDOCK | E75: =IFERROR(__xludf.DUMMYFUNCTION("SPARKLINE(INDEX(GOOGLEFINANCE(C75,""price"",workday(today(),-$E$1),today()),,2),{""charttype"",""column"";""color"",""green""})"),"") | F75: =IFERROR(__xludf.DUMMYFUNCTION("GOOGLEFINANCE(C75,""price"")"),2246.9) -> 2246.9 | G75: =IFERROR(__xludf.DUMMYFUNCTION("GOOGLEFINANCE(C75,""change"")"),-33.9) -> -33.9 | H75: =IFERROR(__xludf.DUMMYFUNCTION("GOOGLEFINANCE(C75,""changepct"")/100"),-0.0149) -> -0.0149 | I75: =IFERROR(__xludf.DUMMYFUNCTION("INDEX(GOOGLEFINANCE(C75,""price"",workday(today(),-I$1)),2,2)"),2367.8) -> 2367.8 | J75: =IFERROR(__xludf.DUMMYFUNCTION("INDEX(GOOGLEFINANCE($C75,""price"",workday(today(),-J$1)),2,2)"),2439.1) -> 2439.1 | K75: =IFERROR(__xludf.DUMMYFUNCTION("$F75/(INDEX(GOOGLEFINANCE($C75,""price"",workday(today(),-K$1)),2,2))-1"),-0.051060055747951694) -> -0.051060056 | L75: =IFERROR(__xludf.DUMMYFUNCTION("$F75/(INDEX(GOOGLEFINANCE($C75,""price"",workday(today(),-L$1)),2,2))-1"),-0.07879955721372633) -> -0.078799557 | M75: =IFERROR(__xludf.DUMMYFUNCTION("GOOGLEFINANCE(C75,""marketcap"")"),9.0599148E11) -> 905991480000 | N75: =IFERROR(__xludf.DUMMYFUNCTION("IFERROR(GOOGLEFINANCE(C75,""PE""),""-"")"),37.65) -> 37.65 | O75: Defence
A76: MTAR Technologies Ltd | C76: MTARTECH | E76: =IFERROR(__xludf.DUMMYFUNCTION("SPARKLINE(INDEX(GOOGLEFINANCE(C76,""price"",workday(today(),-$E$1),today()),,2),{""charttype"",""column"";""color"",""green""})"),"") | F76: =IFERROR(__xludf.DUMMYFUNCTION("GOOGLEFINANCE(C76,""price"")"),3728.0) -> 3728 | G76: =IFERROR(__xludf.DUMMYFUNCTION("GOOGLEFINANCE(C76,""change"")"),2.2) -> 2.2 | H76: =IFERROR(__xludf.DUMMYFUNCTION("GOOGLEFINANCE(C76,""changepct"")/100"),6.0E-4) -> 0.0006 | I76: =IFERROR(__xludf.DUMMYFUNCTION("INDEX(GOOGLEFINANCE(C76,""price"",workday(today(),-I$1)),2,2)"),3758.4) -> 3758.4 | J76: =IFERROR(__xludf.DUMMYFUNCTION("INDEX(GOOGLEFINANCE($C76,""price"",workday(today(),-J$1)),2,2)"),3637.4) -> 3637.4 | K76: =IFERROR(__xludf.DUMMYFUNCTION("$F76/(INDEX(GOOGLEFINANCE($C76,""price"",workday(today(),-K$1)),2,2))-1"),-0.00808854831843342) -> -0.0080885483 | L76: =IFERROR(__xludf.DUMMYFUNCTION("$F76/(INDEX(GOOGLEFINANCE($C76,""price"",workday(today(),-L$1)),2,2))-1"),0.02490790124814435) -> 0.024907901 | M76: =IFERROR(__xludf.DUMMYFUNCTION("GOOGLEFINANCE(C76,""marketcap"")"),1.14699432147E11) -> 114699432147 | N76: =IFERROR(__xludf.DUMMYFUNCTION("IFERROR(GOOGLEFINANCE(C76,""PE""),""-"")"),180.43) -> 180.43 | O76: Defence
A77: Unimech Aerospace and Manufacturing Ltd | C77: UNIMECH | E77: =IFERROR(__xludf.DUMMYFUNCTION("SPARKLINE(INDEX(GOOGLEFINANCE(C77,""price"",workday(today(),-$E$1),today()),,2),{""charttype"",""column"";""color"",""green""})"),"#N/A") -> #N/A | F77: =IFERROR(__xludf.DUMMYFUNCTION("GOOGLEFINANCE(C77,""price"")"),"#N/A") -> #N/A | G77: =IFERROR(__xludf.DUMMYFUNCTION("GOOGLEFINANCE(C77,""change"")"),"#N/A") -> #N/A | H77: =IFERROR(__xludf.DUMMYFUNCTION("GOOGLEFINANCE(C77,""changepct"")/100"),"#N/A") -> #N/A | I77: =IFERROR(__xludf.DUMMYFUNCTION("INDEX(GOOGLEFINANCE(C77,""price"",workday(today(),-I$1)),2,2)"),"#N/A") -> #N/A | J77: =IFERROR(__xludf.DUMMYFUNCTION("INDEX(GOOGLEFINANCE($C77,""price"",workday(today(),-J$1)),2,2)"),"#N/A") -> #N/A | K77: =IFERROR(__xludf.DUMMYFUNCTION("$F77/(INDEX(GOOGLEFINANCE($C77,""price"",workday(today(),-K$1)),2,2))-1"),"#N/A") -> #N/A | L77: =IFERROR(__xludf.DUMMYFUNCTION("$F77/(INDEX(GOOGLEFINANCE($C77,""price"",workday(today(),-L$1)),2,2))-1"),"#N/A") -> #N/A | M77: =IFERROR(__xludf.DUMMYFUNCTION("GOOGLEFINANCE(C77,""marketcap"")"),"#N/A") -> #N/A | N77: =IFERROR(__xludf.DUMMYFUNCTION("IFERROR(GOOGLEFINANCE(C77,""PE""),""-"")"),"-") -> - | O77: Defence

Sheet Add Stock
A1: Add an Investment
A2: Select Scrip ➡️ | C2: Qty ➡️ | E2: Price ➡️
A5: Add a Fresh Investment (Non ETF)
A6: Select Scrip ➡️ | C6: Qty ➡️ | E6: Price ➡️

Sheet Settings
A1: Segment | B1: Desired % | D1: Metric | E1: Weight | G1: Max Stocks per Segment | H1: Min Composite Score
A2: EV | B2: 0.15 | D2: Difference | E2: 0.2 | G2: 3 | H2: 0.1
A3: Technology | B3: 0.3 | D3: PE Ratio | E3: 0.05
A4: Green Energy | B4: 0.2 | D4: C.M.P | E4: 0.1
A5: Defence | B5: 0.25 | D5: Price Position | E5: 0.1
A6: PSU | B6: 0.05 | D6: EPS | E6: 0.05
A7: Others | B7: 0.05 | D7: Volume Ratio | E7: 0.06
A8: Total | B8: =SUM(B2:B7) -> 1 | D8: Beta | E8: 0.15
D9: RSI | E9: 0.12
D10: SMA_50 | E10: 0.08
D11: EMA_12 | E11: 0.05
D12: MACD | E12: 0.02
D13: ATR_14 | E13: 0.02
D14: Total | E14: =SUM(E2:E13) -> 1
